path,relative_path,filename,file_size_bytes,ffprobe_returncode,has_audio_stream,audio_codec,sample_rate,channels,audio_duration,ffprobe_error,audio_decode_returncode,audio_decodable,audio_decode_error
/home/jovyan/MSC_PROJECT/data/avdeepfake1mpp/extracted/val/val/silent_videos/subject_0_2msdhgqawh_vid_0_20/fake.mp4,silent_videos/subject_0_2msdhgqawh_vid_0_20/fake.mp4,fake.mp4,1258869,0,False,,,,,,,False,No audio stream found
/home/jovyan/MSC_PROJECT/data/avdeepfake1mpp/extracted/val/val/silent_videos/subject_0_2msdhgqawh_vid_0_20/real.mp4,silent_videos/subject_0_2msdhgqawh_vid_0_20/real.mp4,real.mp4,1528545,0,False,,,,,,,False,No audio stream found
/home/jovyan/MSC_PROJECT/data/avdeepfake1mpp/extracted/val/val/silent_videos/subject_0_2msdhgqawh_vid_1_29/fake.mp4,silent_videos/subject_0_2msdhgqawh_vid_1_29/fake.mp4,fake.mp4,1265173,0,False,,,,,,,False,No audio stream found
/home/jovyan/MSC_PROJECT/data/avdeepfake1mpp/extracted/val/val/silent_videos/subject_0_2msdhgqawh_vid_1_29/real.mp4,silent_videos/subject_0_2msdhgqawh_vid_1_29/real.mp4,real.mp4,1909395,0,False,,,,,,,False,No audio stream found
/home/jovyan/MSC_PROJECT/data/avdeepfake1mpp/extracted/val/val/silent_videos/subject_0_2msdhgqawh_vid_2_18/fake.mp4,silent_videos/subject_0_2msdhgqawh_vid_2_18/fake.mp4,fake.mp4,1252587,0,False,,,,,,,False,No audio stream found
/home/jovyan/MSC_PROJECT/data/avdeepfake1mpp/extracted/val/val/silent_videos/subject_0_2msdhgqawh_vid_2_2/fake.mp4,silent_videos/subject_0_2msdhgqawh_vid_2_2/fake.mp4,fake.mp4,1271792,0,False,,,,,,,False,No audio stream found
/home/jovyan/MSC_PROJECT/data/avdeepfake1mpp/extracted/val/val/silent_videos/subject_0_2msdhgqawh_vid_2_18/real.mp4,silent_videos/subject_0_2msdhgqawh_vid_2_18/real.mp4,real.mp4,1698545,0,False,,,,,,,False,No audio stream found
/home/jovyan/MSC_PROJECT/data/avdeepfake1mpp/extracted/val/val/silent_videos/subject_0_2msdhgqawh_vid_2_2/real.mp4,silent_videos/subject_0_2msdhgqawh_vid_2_2/real.mp4,real.mp4,1700132,0,False,,,,,,,False,No audio stream found
/home/jovyan/MSC_PROJECT/data/avdeepfake1mpp/extracted/val/val/silent_videos/subject_100_jqsyphj1sj_vid_1_17/fake.mp4,silent_videos/subject_100_jqsyphj1sj_vid_1_17/fake.mp4,fake.mp4,1139582,0,False,,,,,,,False,No audio stream found
/home/jovyan/MSC_PROJECT/data/avdeepfake1mpp/extracted/val/val/silent_videos/subject_100_jqsyphj1sj_vid_0_14/fake.mp4,silent_videos/subject_100_jqsyphj1sj_vid_0_14/fake.mp4,fake.mp4,1111773,0,False,,,,,,,False,No audio stream found
/home/jovyan/MSC_PROJECT/data/avdeepfake1mpp/extracted/val/val/silent_videos/subject_100_jqsyphj1sj_vid_0_14/real.mp4,silent_videos/subject_100_jqsyphj1sj_vid_0_14/real.mp4,real.mp4,2216038,0,False,,,,,,,False,No audio stream found
/home/jovyan/MSC_PROJECT/data/avdeepfake1mpp/extracted/val/val/silent_videos/subject_100_jqsyphj1sj_vid_1_37/fake.mp4,silent_videos/subject_100_jqsyphj1sj_vid_1_37/fake.mp4,fake.mp4,1129868,0,False,,,,,,,False,No audio stream found
/home/jovyan/MSC_PROJECT/data/avdeepfake1mpp/extracted/val/val/silent_videos/subject_100_jqsyphj1sj_vid_1_17/real.mp4,silent_videos/subject_100_jqsyphj1sj_vid_1_17/real.mp4,real.mp4,2210775,0,False,,,,,,,False,No audio stream found
/home/jovyan/MSC_PROJECT/data/avdeepfake1mpp/extracted/val/val/silent_videos/subject_100_jqsyphj1sj_vid_1_19/fake.mp4,silent_videos/subject_100_jqsyphj1sj_vid_1_19/fake.mp4,fake.mp4,1158029,0,False,,,,,,,False,No audio stream found
/home/jovyan/MSC_PROJECT/data/avdeepfake1mpp/extracted/val/val/silent_videos/subject_100_jqsyphj1sj_vid_1_19/real.mp4,silent_videos/subject_100_jqsyphj1sj_vid_1_19/real.mp4,real.mp4,2129322,0,False,,,,,,,False,No audio stream found
/home/jovyan/MSC_PROJECT/data/avdeepfake1mpp/extracted/val/val/silent_videos/subject_100_jqsyphj1sj_vid_1_37/real.mp4,silent_videos/subject_100_jqsyphj1sj_vid_1_37/real.mp4,real.mp4,2165062,0,False,,,,,,,False,No audio stream found
/home/jovyan/MSC_PROJECT/data/avdeepfake1mpp/extracted/val/val/silent_videos/subject_101_random174gjjglkg_vid_2_22/fake.mp4,silent_videos/subject_101_random174gjjglkg_vid_2_22/fake.mp4,fake.mp4,1136537,0,False,,,,,,,False,No audio stream found
/home/jovyan/MSC_PROJECT/data/avdeepfake1mpp/extracted/val/val/silent_videos/subject_101_random174gjjglkg_vid_2_21/fake.mp4,silent_videos/subject_101_random174gjjglkg_vid_2_21/fake.mp4,fake.mp4,1165935,0,False,,,,,,,False,No audio stream found
/home/jovyan/MSC_PROJECT/data/avdeepfake1mpp/extracted/val/val/silent_videos/subject_101_random174gjjglkg_vid_2_21/real.mp4,silent_videos/subject_101_random174gjjglkg_vid_2_21/real.mp4,real.mp4,1296091,0,False,,,,,,,False,No audio stream found
/home/jovyan/MSC_PROJECT/data/avdeepfake1mpp/extracted/val/val/silent_videos/subject_101_randompphb93l6wy_vid_0_1/real.mp4,silent_videos/subject_101_randompphb93l6wy_vid_0_1/real.mp4,real.mp4,1449263,0,False,,,,,,,False,No audio stream found
/home/jovyan/MSC_PROJECT/data/avdeepfake1mpp/extracted/val/val/silent_videos/subject_101_randompphb93l6wy_vid_0_1/fake.mp4,silent_videos/subject_101_randompphb93l6wy_vid_0_1/fake.mp4,fake.mp4,1221989,0,False,,,,,,,False,No audio stream found
/home/jovyan/MSC_PROJECT/data/avdeepfake1mpp/extracted/val/val/silent_videos/subject_101_randompphb93l6wy_vid_0_17/fake.mp4,silent_videos/subject_101_randompphb93l6wy_vid_0_17/fake.mp4,fake.mp4,1341927,0,False,,,,,,,False,No audio stream found
/home/jovyan/MSC_PROJECT/data/avdeepfake1mpp/extracted/val/val/silent_videos/subject_101_random174gjjglkg_vid_2_22/real.mp4,silent_videos/subject_101_random174gjjglkg_vid_2_22/real.mp4,real.mp4,1279368,0,False,,,,,,,False,No audio stream found
/home/jovyan/MSC_PROJECT/data/avdeepfake1mpp/extracted/val/val/silent_videos/subject_101_randompphb93l6wy_vid_0_17/real.mp4,silent_videos/subject_101_randompphb93l6wy_vid_0_17/real.mp4,real.mp4,1430072,0,False,,,,,,,False,No audio stream found
/home/jovyan/MSC_PROJECT/data/avdeepfake1mpp/extracted/val/val/silent_videos/subject_101_randompphb93l6wy_vid_0_18/fake.mp4,silent_videos/subject_101_randompphb93l6wy_vid_0_18/fake.mp4,fake.mp4,1109059,0,False,,,,,,,False,No audio stream found
/home/jovyan/MSC_PROJECT/data/avdeepfake1mpp/extracted/val/val/silent_videos/subject_101_randompphb93l6wy_vid_0_18/real.mp4,silent_videos/subject_101_randompphb93l6wy_vid_0_18/real.mp4,real.mp4,1043307,0,False,,,,,,,False,No audio stream found
/home/jovyan/MSC_PROJECT/data/avdeepfake1mpp/extracted/val/val/silent_videos/subject_101_randompphb93l6wy_vid_2_10/fake.mp4,silent_videos/subject_101_randompphb93l6wy_vid_2_10/fake.mp4,fake.mp4,1192531,0,False,,,,,,,False,No audio stream found
/home/jovyan/MSC_PROJECT/data/avdeepfake1mpp/extracted/val/val/silent_videos/subject_101_randompphb93l6wy_vid_2_17/fake.mp4,silent_videos/subject_101_randompphb93l6wy_vid_2_17/fake.mp4,fake.mp4,1217309,0,False,,,,,,,False,No audio stream found
/home/jovyan/MSC_PROJECT/data/avdeepfake1mpp/extracted/val/val/silent_videos/subject_101_randompphb93l6wy_vid_2_10/real.mp4,silent_videos/subject_101_randompphb93l6wy_vid_2_10/real.mp4,real.mp4,1041108,0,False,,,,,,,False,No audio stream found
/home/jovyan/MSC_PROJECT/data/avdeepfake1mpp/extracted/val/val/silent_videos/subject_101_randompphb93l6wy_vid_2_17/real.mp4,silent_videos/subject_101_randompphb93l6wy_vid_2_17/real.mp4,real.mp4,983348,0,False,,,,,,,False,No audio stream found
/home/jovyan/MSC_PROJECT/data/avdeepfake1mpp/extracted/val/val/silent_videos/subject_101_randompphb93l6wy_vid_2_21/fake.mp4,silent_videos/subject_101_randompphb93l6wy_vid_2_21/fake.mp4,fake.mp4,1113463,0,False,,,,,,,False,No audio stream found
/home/jovyan/MSC_PROJECT/data/avdeepfake1mpp/extracted/val/val/silent_videos/subject_101_randompphb93l6wy_vid_2_21/real.mp4,silent_videos/subject_101_randompphb93l6wy_vid_2_21/real.mp4,real.mp4,1232418,0,False,,,,,,,False,No audio stream found
/home/jovyan/MSC_PROJECT/data/avdeepfake1mpp/extracted/val/val/silent_videos/subject_102_ax9bbn1mcc_vid_1_11/fake.mp4,silent_videos/subject_102_ax9bbn1mcc_vid_1_11/fake.mp4,fake.mp4,1243490,0,False,,,,,,,False,No audio stream found
/home/jovyan/MSC_PROJECT/data/avdeepfake1mpp/extracted/val/val/silent_videos/subject_102_ax9bbn1mcc_vid_1_11/real.mp4,silent_videos/subject_102_ax9bbn1mcc_vid_1_11/real.mp4,real.mp4,1707160,0,False,,,,,,,False,No audio stream found
/home/jovyan/MSC_PROJECT/data/avdeepfake1mpp/extracted/val/val/silent_videos/subject_102_ax9bbn1mcc_vid_1_28/fake.mp4,silent_videos/subject_102_ax9bbn1mcc_vid_1_28/fake.mp4,fake.mp4,1292762,0,False,,,,,,,False,No audio stream found
/home/jovyan/MSC_PROJECT/data/avdeepfake1mpp/extracted/val/val/silent_videos/subject_102_ax9bbn1mcc_vid_1_29/fake.mp4,silent_videos/subject_102_ax9bbn1mcc_vid_1_29/fake.mp4,fake.mp4,1250832,0,False,,,,,,,False,No audio stream found
/home/jovyan/MSC_PROJECT/data/avdeepfake1mpp/extracted/val/val/silent_videos/subject_102_ax9bbn1mcc_vid_1_28/real.mp4,silent_videos/subject_102_ax9bbn1mcc_vid_1_28/real.mp4,real.mp4,1858248,0,False,,,,,,,False,No audio stream found
/home/jovyan/MSC_PROJECT/data/avdeepfake1mpp/extracted/val/val/silent_videos/subject_103_xcjreth6q9_vid_0_26/fake.mp4,silent_videos/subject_103_xcjreth6q9_vid_0_26/fake.mp4,fake.mp4,1197028,0,False,,,,,,,False,No audio stream found
/home/jovyan/MSC_PROJECT/data/avdeepfake1mpp/extracted/val/val/silent_videos/subject_102_ax9bbn1mcc_vid_1_29/real.mp4,silent_videos/subject_102_ax9bbn1mcc_vid_1_29/real.mp4,real.mp4,2236970,0,False,,,,,,,False,No audio stream found
/home/jovyan/MSC_PROJECT/data/avdeepfake1mpp/extracted/val/val/silent_videos/subject_103_xcjreth6q9_vid_0_26/real.mp4,silent_videos/subject_103_xcjreth6q9_vid_0_26/real.mp4,real.mp4,993601,0,False,,,,,,,False,No audio stream found
/home/jovyan/MSC_PROJECT/data/avdeepfake1mpp/extracted/val/val/silent_videos/subject_103_xcjreth6q9_vid_1_16/fake.mp4,silent_videos/subject_103_xcjreth6q9_vid_1_16/fake.mp4,fake.mp4,1237117,0,False,,,,,,,False,No audio stream found
/home/jovyan/MSC_PROJECT/data/avdeepfake1mpp/extracted/val/val/silent_videos/subject_103_xcjreth6q9_vid_1_16/real.mp4,silent_videos/subject_103_xcjreth6q9_vid_1_16/real.mp4,real.mp4,845724,0,False,,,,,,,False,No audio stream found
/home/jovyan/MSC_PROJECT/data/avdeepfake1mpp/extracted/val/val/silent_videos/subject_103_xcjreth6q9_vid_1_26/fake.mp4,silent_videos/subject_103_xcjreth6q9_vid_1_26/fake.mp4,fake.mp4,1203114,0,False,,,,,,,False,No audio stream found
/home/jovyan/MSC_PROJECT/data/avdeepfake1mpp/extracted/val/val/silent_videos/subject_103_xcjreth6q9_vid_1_20/fake.mp4,silent_videos/subject_103_xcjreth6q9_vid_1_20/fake.mp4,fake.mp4,1158542,0,False,,,,,,,False,No audio stream found
/home/jovyan/MSC_PROJECT/data/avdeepfake1mpp/extracted/val/val/silent_videos/subject_103_xcjreth6q9_vid_1_20/real.mp4,silent_videos/subject_103_xcjreth6q9_vid_1_20/real.mp4,real.mp4,800030,0,False,,,,,,,False,No audio stream found
/home/jovyan/MSC_PROJECT/data/avdeepfake1mpp/extracted/val/val/silent_videos/subject_103_xcjreth6q9_vid_1_26/real.mp4,silent_videos/subject_103_xcjreth6q9_vid_1_26/real.mp4,real.mp4,815071,0,False,,,,,,,False,No audio stream found
/home/jovyan/MSC_PROJECT/data/avdeepfake1mpp/extracted/val/val/silent_videos/subject_103_xcjreth6q9_vid_1_31/fake.mp4,silent_videos/subject_103_xcjreth6q9_vid_1_31/fake.mp4,fake.mp4,1169021,0,False,,,,,,,False,No audio stream found
/home/jovyan/MSC_PROJECT/data/avdeepfake1mpp/extracted/val/val/silent_videos/subject_103_xcjreth6q9_vid_2_16/fake.mp4,silent_videos/subject_103_xcjreth6q9_vid_2_16/fake.mp4,fake.mp4,1217798,0,False,,,,,,,False,No audio stream found
/home/jovyan/MSC_PROJECT/data/avdeepfake1mpp/extracted/val/val/silent_videos/subject_103_xcjreth6q9_vid_2_26/real.mp4,silent_videos/subject_103_xcjreth6q9_vid_2_26/real.mp4,real.mp4,800475,0,False,,,,,,,False,No audio stream found
/home/jovyan/MSC_PROJECT/data/avdeepfake1mpp/extracted/val/val/silent_videos/subject_103_xcjreth6q9_vid_2_16/real.mp4,silent_videos/subject_103_xcjreth6q9_vid_2_16/real.mp4,real.mp4,845659,0,False,,,,,,,False,No audio stream found
/home/jovyan/MSC_PROJECT/data/avdeepfake1mpp/extracted/val/val/silent_videos/subject_103_xcjreth6q9_vid_1_31/real.mp4,silent_videos/subject_103_xcjreth6q9_vid_1_31/real.mp4,real.mp4,813868,0,False,,,,,,,False,No audio stream found
/home/jovyan/MSC_PROJECT/data/avdeepfake1mpp/extracted/val/val/silent_videos/subject_103_xcjreth6q9_vid_2_26/fake.mp4,silent_videos/subject_103_xcjreth6q9_vid_2_26/fake.mp4,fake.mp4,1224111,0,False,,,,,,,False,No audio stream found
/home/jovyan/MSC_PROJECT/data/avdeepfake1mpp/extracted/val/val/silent_videos/subject_103_xcjreth6q9_vid_2_3/fake.mp4,silent_videos/subject_103_xcjreth6q9_vid_2_3/fake.mp4,fake.mp4,1261475,0,False,,,,,,,False,No audio stream found
/home/jovyan/MSC_PROJECT/data/avdeepfake1mpp/extracted/val/val/silent_videos/subject_104_06lc4xlb48_vid_0_25/fake.mp4,silent_videos/subject_104_06lc4xlb48_vid_0_25/fake.mp4,fake.mp4,1286382,0,False,,,,,,,False,No audio stream found
/home/jovyan/MSC_PROJECT/data/avdeepfake1mpp/extracted/val/val/silent_videos/subject_103_xcjreth6q9_vid_2_3/real.mp4,silent_videos/subject_103_xcjreth6q9_vid_2_3/real.mp4,real.mp4,983097,0,False,,,,,,,False,No audio stream found
/home/jovyan/MSC_PROJECT/data/avdeepfake1mpp/extracted/val/val/silent_videos/subject_104_06lc4xlb48_vid_0_4/real.mp4,silent_videos/subject_104_06lc4xlb48_vid_0_4/real.mp4,real.mp4,1334800,0,False,,,,,,,False,No audio stream found
/home/jovyan/MSC_PROJECT/data/avdeepfake1mpp/extracted/val/val/silent_videos/subject_104_06lc4xlb48_vid_1_35/fake.mp4,silent_videos/subject_104_06lc4xlb48_vid_1_35/fake.mp4,fake.mp4,1331053,0,False,,,,,,,False,No audio stream found
/home/jovyan/MSC_PROJECT/data/avdeepfake1mpp/extracted/val/val/silent_videos/subject_104_06lc4xlb48_vid_0_25/real.mp4,silent_videos/subject_104_06lc4xlb48_vid_0_25/real.mp4,real.mp4,1390011,0,False,,,,,,,False,No audio stream found
/home/jovyan/MSC_PROJECT/data/avdeepfake1mpp/extracted/val/val/silent_videos/subject_104_06lc4xlb48_vid_1_35/real.mp4,silent_videos/subject_104_06lc4xlb48_vid_1_35/real.mp4,real.mp4,1442533,0,False,,,,,,,False,No audio stream found
/home/jovyan/MSC_PROJECT/data/avdeepfake1mpp/extracted/val/val/silent_videos/subject_104_06lc4xlb48_vid_0_4/fake.mp4,silent_videos/subject_104_06lc4xlb48_vid_0_4/fake.mp4,fake.mp4,1232414,0,False,,,,,,,False,No audio stream found
/home/jovyan/MSC_PROJECT/data/avdeepfake1mpp/extracted/val/val/silent_videos/subject_104_06lc4xlb48_vid_2_15/fake.mp4,silent_videos/subject_104_06lc4xlb48_vid_2_15/fake.mp4,fake.mp4,1269932,0,False,,,,,,,False,No audio stream found
/home/jovyan/MSC_PROJECT/data/avdeepfake1mpp/extracted/val/val/silent_videos/subject_104_06lc4xlb48_vid_2_15/real.mp4,silent_videos/subject_104_06lc4xlb48_vid_2_15/real.mp4,real.mp4,1017228,0,False,,,,,,,False,No audio stream found
/home/jovyan/MSC_PROJECT/data/avdeepfake1mpp/extracted/val/val/silent_videos/subject_104_06lc4xlb48_vid_2_3/fake.mp4,silent_videos/subject_104_06lc4xlb48_vid_2_3/fake.mp4,fake.mp4,1225054,0,False,,,,,,,False,No audio stream found
/home/jovyan/MSC_PROJECT/data/avdeepfake1mpp/extracted/val/val/silent_videos/subject_104_06lc4xlb48_vid_2_42/fake.mp4,silent_videos/subject_104_06lc4xlb48_vid_2_42/fake.mp4,fake.mp4,1254667,0,False,,,,,,,False,No audio stream found
/home/jovyan/MSC_PROJECT/data/avdeepfake1mpp/extracted/val/val/silent_videos/subject_104_06lc4xlb48_vid_2_42/real.mp4,silent_videos/subject_104_06lc4xlb48_vid_2_42/real.mp4,real.mp4,1033867,0,False,,,,,,,False,No audio stream found
/home/jovyan/MSC_PROJECT/data/avdeepfake1mpp/extracted/val/val/silent_videos/subject_104_06lc4xlb48_vid_2_4/fake.mp4,silent_videos/subject_104_06lc4xlb48_vid_2_4/fake.mp4,fake.mp4,1234994,0,False,,,,,,,False,No audio stream found
/home/jovyan/MSC_PROJECT/data/avdeepfake1mpp/extracted/val/val/silent_videos/subject_104_06lc4xlb48_vid_2_4/real.mp4,silent_videos/subject_104_06lc4xlb48_vid_2_4/real.mp4,real.mp4,1022533,0,False,,,,,,,False,No audio stream found
/home/jovyan/MSC_PROJECT/data/avdeepfake1mpp/extracted/val/val/silent_videos/subject_104_06lc4xlb48_vid_2_3/real.mp4,silent_videos/subject_104_06lc4xlb48_vid_2_3/real.mp4,real.mp4,974298,0,False,,,,,,,False,No audio stream found
/home/jovyan/MSC_PROJECT/data/avdeepfake1mpp/extracted/val/val/silent_videos/subject_104_06lc4xlb48_vid_2_76/fake.mp4,silent_videos/subject_104_06lc4xlb48_vid_2_76/fake.mp4,fake.mp4,1263510,0,False,,,,,,,False,No audio stream found
/home/jovyan/MSC_PROJECT/data/avdeepfake1mpp/extracted/val/val/silent_videos/subject_104_06lc4xlb48_vid_2_76/real.mp4,silent_videos/subject_104_06lc4xlb48_vid_2_76/real.mp4,real.mp4,989199,0,False,,,,,,,False,No audio stream found
/home/jovyan/MSC_PROJECT/data/avdeepfake1mpp/extracted/val/val/silent_videos/subject_104_06lc4xlb48_vid_2_92/real.mp4,silent_videos/subject_104_06lc4xlb48_vid_2_92/real.mp4,real.mp4,990581,0,False,,,,,,,False,No audio stream found
/home/jovyan/MSC_PROJECT/data/avdeepfake1mpp/extracted/val/val/silent_videos/subject_104_06lc4xlb48_vid_2_92/fake.mp4,silent_videos/subject_104_06lc4xlb48_vid_2_92/fake.mp4,fake.mp4,1236691,0,False,,,,,,,False,No audio stream found
/home/jovyan/MSC_PROJECT/data/avdeepfake1mpp/extracted/val/val/silent_videos/subject_104_06lc4xlb48_vid_2_97/fake.mp4,silent_videos/subject_104_06lc4xlb48_vid_2_97/fake.mp4,fake.mp4,1266677,0,False,,,,,,,False,No audio stream found
/home/jovyan/MSC_PROJECT/data/avdeepfake1mpp/extracted/val/val/silent_videos/subject_104_06lc4xlb48_vid_2_97/real.mp4,silent_videos/subject_104_06lc4xlb48_vid_2_97/real.mp4,real.mp4,1055795,0,False,,,,,,,False,No audio stream found
/home/jovyan/MSC_PROJECT/data/avdeepfake1mpp/extracted/val/val/silent_videos/subject_104_06lc4xlb48_vid_2_93/fake.mp4,silent_videos/subject_104_06lc4xlb48_vid_2_93/fake.mp4,fake.mp4,1249948,0,False,,,,,,,False,No audio stream found
/home/jovyan/MSC_PROJECT/data/avdeepfake1mpp/extracted/val/val/silent_videos/subject_104_06lc4xlb48_vid_2_93/real.mp4,silent_videos/subject_104_06lc4xlb48_vid_2_93/real.mp4,real.mp4,747951,0,False,,,,,,,False,No audio stream found
/home/jovyan/MSC_PROJECT/data/avdeepfake1mpp/extracted/val/val/silent_videos/subject_104_06lc4xlb48_vid_2_99/fake.mp4,silent_videos/subject_104_06lc4xlb48_vid_2_99/fake.mp4,fake.mp4,1259263,0,False,,,,,,,False,No audio stream found
/home/jovyan/MSC_PROJECT/data/avdeepfake1mpp/extracted/val/val/silent_videos/subject_104_06lc4xlb48_vid_2_99/real.mp4,silent_videos/subject_104_06lc4xlb48_vid_2_99/real.mp4,real.mp4,1072535,0,False,,,,,,,False,No audio stream found
/home/jovyan/MSC_PROJECT/data/avdeepfake1mpp/extracted/val/val/silent_videos/subject_106_51uckf660n_vid_1_10/fake.mp4,silent_videos/subject_106_51uckf660n_vid_1_10/fake.mp4,fake.mp4,1247352,0,False,,,,,,,False,No audio stream found
/home/jovyan/MSC_PROJECT/data/avdeepfake1mpp/extracted/val/val/silent_videos/subject_106_51uckf660n_vid_1_10/real.mp4,silent_videos/subject_106_51uckf660n_vid_1_10/real.mp4,real.mp4,1825913,0,False,,,,,,,False,No audio stream found
/home/jovyan/MSC_PROJECT/data/avdeepfake1mpp/extracted/val/val/silent_videos/subject_106_51uckf660n_vid_1_3/fake.mp4,silent_videos/subject_106_51uckf660n_vid_1_3/fake.mp4,fake.mp4,1206602,0,False,,,,,,,False,No audio stream found
/home/jovyan/MSC_PROJECT/data/avdeepfake1mpp/extracted/val/val/silent_videos/subject_106_51uckf660n_vid_1_3/real.mp4,silent_videos/subject_106_51uckf660n_vid_1_3/real.mp4,real.mp4,1767435,0,False,,,,,,,False,No audio stream found
/home/jovyan/MSC_PROJECT/data/avdeepfake1mpp/extracted/val/val/silent_videos/subject_106_51uckf660n_vid_1_5/fake.mp4,silent_videos/subject_106_51uckf660n_vid_1_5/fake.mp4,fake.mp4,1221478,0,False,,,,,,,False,No audio stream found
/home/jovyan/MSC_PROJECT/data/avdeepfake1mpp/extracted/val/val/silent_videos/subject_106_51uckf660n_vid_1_5/real.mp4,silent_videos/subject_106_51uckf660n_vid_1_5/real.mp4,real.mp4,1799258,0,False,,,,,,,False,No audio stream found
/home/jovyan/MSC_PROJECT/data/avdeepfake1mpp/extracted/val/val/silent_videos/subject_106_51uckf660n_vid_2_20/fake.mp4,silent_videos/subject_106_51uckf660n_vid_2_20/fake.mp4,fake.mp4,1210042,0,False,,,,,,,False,No audio stream found
/home/jovyan/MSC_PROJECT/data/avdeepfake1mpp/extracted/val/val/silent_videos/subject_106_51uckf660n_vid_2_20/real.mp4,silent_videos/subject_106_51uckf660n_vid_2_20/real.mp4,real.mp4,1616176,0,False,,,,,,,False,No audio stream found
/home/jovyan/MSC_PROJECT/data/avdeepfake1mpp/extracted/val/val/silent_videos/subject_106_51uckf660n_vid_2_23/fake.mp4,silent_videos/subject_106_51uckf660n_vid_2_23/fake.mp4,fake.mp4,1260035,0,False,,,,,,,False,No audio stream found
/home/jovyan/MSC_PROJECT/data/avdeepfake1mpp/extracted/val/val/silent_videos/subject_106_51uckf660n_vid_2_23/real.mp4,silent_videos/subject_106_51uckf660n_vid_2_23/real.mp4,real.mp4,1602361,0,False,,,,,,,False,No audio stream found
/home/jovyan/MSC_PROJECT/data/avdeepfake1mpp/extracted/val/val/silent_videos/subject_107_t9w4xfx125_vid_0_25/fake.mp4,silent_videos/subject_107_t9w4xfx125_vid_0_25/fake.mp4,fake.mp4,1210670,0,False,,,,,,,False,No audio stream found
/home/jovyan/MSC_PROJECT/data/avdeepfake1mpp/extracted/val/val/silent_videos/subject_107_t9w4xfx125_vid_0_25/real.mp4,silent_videos/subject_107_t9w4xfx125_vid_0_25/real.mp4,real.mp4,788112,0,False,,,,,,,False,No audio stream found
/home/jovyan/MSC_PROJECT/data/avdeepfake1mpp/extracted/val/val/silent_videos/subject_107_t9w4xfx125_vid_1_19/fake.mp4,silent_videos/subject_107_t9w4xfx125_vid_1_19/fake.mp4,fake.mp4,1196269,0,False,,,,,,,False,No audio stream found
/home/jovyan/MSC_PROJECT/data/avdeepfake1mpp/extracted/val/val/silent_videos/subject_107_t9w4xfx125_vid_1_19/real.mp4,silent_videos/subject_107_t9w4xfx125_vid_1_19/real.mp4,real.mp4,838761,0,False,,,,,,,False,No audio stream found
/home/jovyan/MSC_PROJECT/data/avdeepfake1mpp/extracted/val/val/silent_videos/subject_107_t9w4xfx125_vid_1_23/fake.mp4,silent_videos/subject_107_t9w4xfx125_vid_1_23/fake.mp4,fake.mp4,1144151,0,False,,,,,,,False,No audio stream found
/home/jovyan/MSC_PROJECT/data/avdeepfake1mpp/extracted/val/val/silent_videos/subject_107_t9w4xfx125_vid_2_10/fake.mp4,silent_videos/subject_107_t9w4xfx125_vid_2_10/fake.mp4,fake.mp4,1312486,0,False,,,,,,,False,No audio stream found
/home/jovyan/MSC_PROJECT/data/avdeepfake1mpp/extracted/val/val/silent_videos/subject_107_t9w4xfx125_vid_2_0/fake.mp4,silent_videos/subject_107_t9w4xfx125_vid_2_0/fake.mp4,fake.mp4,1119202,0,False,,,,,,,False,No audio stream found
/home/jovyan/MSC_PROJECT/data/avdeepfake1mpp/extracted/val/val/silent_videos/subject_107_t9w4xfx125_vid_2_0/real.mp4,silent_videos/subject_107_t9w4xfx125_vid_2_0/real.mp4,real.mp4,785367,0,False,,,,,,,False,No audio stream found
/home/jovyan/MSC_PROJECT/data/avdeepfake1mpp/extracted/val/val/silent_videos/subject_107_t9w4xfx125_vid_1_23/real.mp4,silent_videos/subject_107_t9w4xfx125_vid_1_23/real.mp4,real.mp4,805409,0,False,,,,,,,False,No audio stream found
/home/jovyan/MSC_PROJECT/data/avdeepfake1mpp/extracted/val/val/silent_videos/subject_107_t9w4xfx125_vid_2_10/real.mp4,silent_videos/subject_107_t9w4xfx125_vid_2_10/real.mp4,real.mp4,1235578,0,False,,,,,,,False,No audio stream found
/home/jovyan/MSC_PROJECT/data/avdeepfake1mpp/extracted/val/val/silent_videos/subject_108_randomn93c6rsmts_vid_0_1/fake.mp4,silent_videos/subject_108_randomn93c6rsmts_vid_0_1/fake.mp4,fake.mp4,1229656,0,False,,,,,,,False,No audio stream found
/home/jovyan/MSC_PROJECT/data/avdeepfake1mpp/extracted/val/val/silent_videos/subject_107_t9w4xfx125_vid_2_28/fake.mp4,silent_videos/subject_107_t9w4xfx125_vid_2_28/fake.mp4,fake.mp4,1185805,0,False,,,,,,,False,No audio stream found
/home/jovyan/MSC_PROJECT/data/avdeepfake1mpp/extracted/val/val/silent_videos/subject_107_t9w4xfx125_vid_2_28/real.mp4,silent_videos/subject_107_t9w4xfx125_vid_2_28/real.mp4,real.mp4,944992,0,False,,,,,,,False,No audio stream found
/home/jovyan/MSC_PROJECT/data/avdeepfake1mpp/extracted/val/val/silent_videos/subject_108_randomn93c6rsmts_vid_1_2/fake.mp4,silent_videos/subject_108_randomn93c6rsmts_vid_1_2/fake.mp4,fake.mp4,1254754,0,False,,,,,,,False,No audio stream found
/home/jovyan/MSC_PROJECT/data/avdeepfake1mpp/extracted/val/val/silent_videos/subject_108_randomn93c6rsmts_vid_0_26/real.mp4,silent_videos/subject_108_randomn93c6rsmts_vid_0_26/real.mp4,real.mp4,1770194,0,False,,,,,,,False,No audio stream found
/home/jovyan/MSC_PROJECT/data/avdeepfake1mpp/extracted/val/val/silent_videos/subject_108_randomn93c6rsmts_vid_0_1/real.mp4,silent_videos/subject_108_randomn93c6rsmts_vid_0_1/real.mp4,real.mp4,1488675,0,False,,,,,,,False,No audio stream found
/home/jovyan/MSC_PROJECT/data/avdeepfake1mpp/extracted/val/val/silent_videos/subject_108_randomn93c6rsmts_vid_0_26/fake.mp4,silent_videos/subject_108_randomn93c6rsmts_vid_0_26/fake.mp4,fake.mp4,1245349,0,False,,,,,,,False,No audio stream found
/home/jovyan/MSC_PROJECT/data/avdeepfake1mpp/extracted/val/val/silent_videos/subject_108_randomn93c6rsmts_vid_1_33/fake.mp4,silent_videos/subject_108_randomn93c6rsmts_vid_1_33/fake.mp4,fake.mp4,1268996,0,False,,,,,,,False,No audio stream found
/home/jovyan/MSC_PROJECT/data/avdeepfake1mpp/extracted/val/val/silent_videos/subject_108_randomn93c6rsmts_vid_1_2/real.mp4,silent_videos/subject_108_randomn93c6rsmts_vid_1_2/real.mp4,real.mp4,1470056,0,False,,,,,,,False,No audio stream found
/home/jovyan/MSC_PROJECT/data/avdeepfake1mpp/extracted/val/val/silent_videos/subject_108_randomn93c6rsmts_vid_2_14/fake.mp4,silent_videos/subject_108_randomn93c6rsmts_vid_2_14/fake.mp4,fake.mp4,1236737,0,False,,,,,,,False,No audio stream found
/home/jovyan/MSC_PROJECT/data/avdeepfake1mpp/extracted/val/val/silent_videos/subject_108_randomn93c6rsmts_vid_1_33/real.mp4,silent_videos/subject_108_randomn93c6rsmts_vid_1_33/real.mp4,real.mp4,1438871,0,False,,,,,,,False,No audio stream found
/home/jovyan/MSC_PROJECT/data/avdeepfake1mpp/extracted/val/val/silent_videos/subject_109_cgpemx4wd1_vid_0_12/fake.mp4,silent_videos/subject_109_cgpemx4wd1_vid_0_12/fake.mp4,fake.mp4,1255108,0,False,,,,,,,False,No audio stream found
/home/jovyan/MSC_PROJECT/data/avdeepfake1mpp/extracted/val/val/silent_videos/subject_108_randomn93c6rsmts_vid_2_17/real.mp4,silent_videos/subject_108_randomn93c6rsmts_vid_2_17/real.mp4,real.mp4,1442716,0,False,,,,,,,False,No audio stream found
/home/jovyan/MSC_PROJECT/data/avdeepfake1mpp/extracted/val/val/silent_videos/subject_108_randomn93c6rsmts_vid_2_14/real.mp4,silent_videos/subject_108_randomn93c6rsmts_vid_2_14/real.mp4,real.mp4,1405067,0,False,,,,,,,False,No audio stream found
/home/jovyan/MSC_PROJECT/data/avdeepfake1mpp/extracted/val/val/silent_videos/subject_108_randomn93c6rsmts_vid_2_17/fake.mp4,silent_videos/subject_108_randomn93c6rsmts_vid_2_17/fake.mp4,fake.mp4,1265589,0,False,,,,,,,False,No audio stream found
/home/jovyan/MSC_PROJECT/data/avdeepfake1mpp/extracted/val/val/silent_videos/subject_109_cgpemx4wd1_vid_0_12/real.mp4,silent_videos/subject_109_cgpemx4wd1_vid_0_12/real.mp4,real.mp4,1994231,0,False,,,,,,,False,No audio stream found
/home/jovyan/MSC_PROJECT/data/avdeepfake1mpp/extracted/val/val/silent_videos/subject_109_cgpemx4wd1_vid_1_18/fake.mp4,silent_videos/subject_109_cgpemx4wd1_vid_1_18/fake.mp4,fake.mp4,1245413,0,False,,,,,,,False,No audio stream found
/home/jovyan/MSC_PROJECT/data/avdeepfake1mpp/extracted/val/val/silent_videos/subject_109_cgpemx4wd1_vid_1_18/real.mp4,silent_videos/subject_109_cgpemx4wd1_vid_1_18/real.mp4,real.mp4,1933666,0,False,,,,,,,False,No audio stream found
/home/jovyan/MSC_PROJECT/data/avdeepfake1mpp/extracted/val/val/silent_videos/subject_109_cgpemx4wd1_vid_2_25/fake.mp4,silent_videos/subject_109_cgpemx4wd1_vid_2_25/fake.mp4,fake.mp4,1262121,0,False,,,,,,,False,No audio stream found
/home/jovyan/MSC_PROJECT/data/avdeepfake1mpp/extracted/val/val/silent_videos/subject_109_cgpemx4wd1_vid_2_25/real.mp4,silent_videos/subject_109_cgpemx4wd1_vid_2_25/real.mp4,real.mp4,1936682,0,False,,,,,,,False,No audio stream found
/home/jovyan/MSC_PROJECT/data/avdeepfake1mpp/extracted/val/val/silent_videos/subject_10_n5yny96tpq_vid_0_17/fake.mp4,silent_videos/subject_10_n5yny96tpq_vid_0_17/fake.mp4,fake.mp4,1222444,0,False,,,,,,,False,No audio stream found
/home/jovyan/MSC_PROJECT/data/avdeepfake1mpp/extracted/val/val/silent_videos/subject_10_n5yny96tpq_vid_0_22/fake.mp4,silent_videos/subject_10_n5yny96tpq_vid_0_22/fake.mp4,fake.mp4,1232762,0,False,,,,,,,False,No audio stream found
/home/jovyan/MSC_PROJECT/data/avdeepfake1mpp/extracted/val/val/silent_videos/subject_10_n5yny96tpq_vid_0_17/real.mp4,silent_videos/subject_10_n5yny96tpq_vid_0_17/real.mp4,real.mp4,1310197,0,False,,,,,,,False,No audio stream found
/home/jovyan/MSC_PROJECT/data/avdeepfake1mpp/extracted/val/val/silent_videos/subject_10_n5yny96tpq_vid_0_22/real.mp4,silent_videos/subject_10_n5yny96tpq_vid_0_22/real.mp4,real.mp4,1250320,0,False,,,,,,,False,No audio stream found
/home/jovyan/MSC_PROJECT/data/avdeepfake1mpp/extracted/val/val/silent_videos/subject_10_n5yny96tpq_vid_2_14/fake.mp4,silent_videos/subject_10_n5yny96tpq_vid_2_14/fake.mp4,fake.mp4,1210870,0,False,,,,,,,False,No audio stream found
/home/jovyan/MSC_PROJECT/data/avdeepfake1mpp/extracted/val/val/silent_videos/subject_10_n5yny96tpq_vid_2_14/real.mp4,silent_videos/subject_10_n5yny96tpq_vid_2_14/real.mp4,real.mp4,1464059,0,False,,,,,,,False,No audio stream found
/home/jovyan/MSC_PROJECT/data/avdeepfake1mpp/extracted/val/val/silent_videos/subject_110_gc43xphq2h_vid_0_23/fake.mp4,silent_videos/subject_110_gc43xphq2h_vid_0_23/fake.mp4,fake.mp4,1272616,0,False,,,,,,,False,No audio stream found
/home/jovyan/MSC_PROJECT/data/avdeepfake1mpp/extracted/val/val/silent_videos/subject_110_gc43xphq2h_vid_1_36/fake.mp4,silent_videos/subject_110_gc43xphq2h_vid_1_36/fake.mp4,fake.mp4,1147743,0,False,,,,,,,False,No audio stream found
/home/jovyan/MSC_PROJECT/data/avdeepfake1mpp/extracted/val/val/silent_videos/subject_110_gc43xphq2h_vid_0_23/real.mp4,silent_videos/subject_110_gc43xphq2h_vid_0_23/real.mp4,real.mp4,1867142,0,False,,,,,,,False,No audio stream found
/home/jovyan/MSC_PROJECT/data/avdeepfake1mpp/extracted/val/val/silent_videos/subject_110_gc43xphq2h_vid_1_11/fake.mp4,silent_videos/subject_110_gc43xphq2h_vid_1_11/fake.mp4,fake.mp4,1240176,0,False,,,,,,,False,No audio stream found
/home/jovyan/MSC_PROJECT/data/avdeepfake1mpp/extracted/val/val/silent_videos/subject_110_gc43xphq2h_vid_1_36/real.mp4,silent_videos/subject_110_gc43xphq2h_vid_1_36/real.mp4,real.mp4,1698879,0,False,,,,,,,False,No audio stream found
/home/jovyan/MSC_PROJECT/data/avdeepfake1mpp/extracted/val/val/silent_videos/subject_110_gc43xphq2h_vid_1_11/real.mp4,silent_videos/subject_110_gc43xphq2h_vid_1_11/real.mp4,real.mp4,1875248,0,False,,,,,,,False,No audio stream found
/home/jovyan/MSC_PROJECT/data/avdeepfake1mpp/extracted/val/val/silent_videos/subject_110_gc43xphq2h_vid_2_31/fake.mp4,silent_videos/subject_110_gc43xphq2h_vid_2_31/fake.mp4,fake.mp4,1261047,0,False,,,,,,,False,No audio stream found
/home/jovyan/MSC_PROJECT/data/avdeepfake1mpp/extracted/val/val/silent_videos/subject_110_gc43xphq2h_vid_2_31/real.mp4,silent_videos/subject_110_gc43xphq2h_vid_2_31/real.mp4,real.mp4,1764611,0,False,,,,,,,False,No audio stream found
/home/jovyan/MSC_PROJECT/data/avdeepfake1mpp/extracted/val/val/silent_videos/subject_111_z2gx0nezbr_vid_0_25/fake.mp4,silent_videos/subject_111_z2gx0nezbr_vid_0_25/fake.mp4,fake.mp4,1103615,0,False,,,,,,,False,No audio stream found
/home/jovyan/MSC_PROJECT/data/avdeepfake1mpp/extracted/val/val/silent_videos/subject_111_z2gx0nezbr_vid_0_25/real.mp4,silent_videos/subject_111_z2gx0nezbr_vid_0_25/real.mp4,real.mp4,831223,0,False,,,,,,,False,No audio stream found
/home/jovyan/MSC_PROJECT/data/avdeepfake1mpp/extracted/val/val/silent_videos/subject_111_z2gx0nezbr_vid_1_20/real.mp4,silent_videos/subject_111_z2gx0nezbr_vid_1_20/real.mp4,real.mp4,980570,0,False,,,,,,,False,No audio stream found
/home/jovyan/MSC_PROJECT/data/avdeepfake1mpp/extracted/val/val/silent_videos/subject_111_z2gx0nezbr_vid_1_25/fake.mp4,silent_videos/subject_111_z2gx0nezbr_vid_1_25/fake.mp4,fake.mp4,1354373,0,False,,,,,,,False,No audio stream found
/home/jovyan/MSC_PROJECT/data/avdeepfake1mpp/extracted/val/val/silent_videos/subject_111_z2gx0nezbr_vid_1_20/fake.mp4,silent_videos/subject_111_z2gx0nezbr_vid_1_20/fake.mp4,fake.mp4,1136229,0,False,,,,,,,False,No audio stream found
/home/jovyan/MSC_PROJECT/data/avdeepfake1mpp/extracted/val/val/silent_videos/subject_111_z2gx0nezbr_vid_1_25/real.mp4,silent_videos/subject_111_z2gx0nezbr_vid_1_25/real.mp4,real.mp4,1119820,0,False,,,,,,,False,No audio stream found
/home/jovyan/MSC_PROJECT/data/avdeepfake1mpp/extracted/val/val/silent_videos/subject_111_z2gx0nezbr_vid_1_24/fake.mp4,silent_videos/subject_111_z2gx0nezbr_vid_1_24/fake.mp4,fake.mp4,1229637,0,False,,,,,,,False,No audio stream found
/home/jovyan/MSC_PROJECT/data/avdeepfake1mpp/extracted/val/val/silent_videos/subject_111_z2gx0nezbr_vid_1_24/real.mp4,silent_videos/subject_111_z2gx0nezbr_vid_1_24/real.mp4,real.mp4,1080696,0,False,,,,,,,False,No audio stream found
/home/jovyan/MSC_PROJECT/data/avdeepfake1mpp/extracted/val/val/silent_videos/subject_111_z2gx0nezbr_vid_2_8/fake.mp4,silent_videos/subject_111_z2gx0nezbr_vid_2_8/fake.mp4,fake.mp4,1155106,0,False,,,,,,,False,No audio stream found
/home/jovyan/MSC_PROJECT/data/avdeepfake1mpp/extracted/val/val/silent_videos/subject_119_x17y0ogsay_vid_0_20/fake.mp4,silent_videos/subject_119_x17y0ogsay_vid_0_20/fake.mp4,fake.mp4,1237175,0,False,,,,,,,False,No audio stream found
/home/jovyan/MSC_PROJECT/data/avdeepfake1mpp/extracted/val/val/silent_videos/subject_119_x17y0ogsay_vid_0_32/fake.mp4,silent_videos/subject_119_x17y0ogsay_vid_0_32/fake.mp4,fake.mp4,1240327,0,False,,,,,,,False,No audio stream found
/home/jovyan/MSC_PROJECT/data/avdeepfake1mpp/extracted/val/val/silent_videos/subject_119_x17y0ogsay_vid_0_32/real.mp4,silent_videos/subject_119_x17y0ogsay_vid_0_32/real.mp4,real.mp4,1858604,0,False,,,,,,,False,No audio stream found
/home/jovyan/MSC_PROJECT/data/avdeepfake1mpp/extracted/val/val/silent_videos/subject_119_x17y0ogsay_vid_0_20/real.mp4,silent_videos/subject_119_x17y0ogsay_vid_0_20/real.mp4,real.mp4,1786103,0,False,,,,,,,False,No audio stream found
/home/jovyan/MSC_PROJECT/data/avdeepfake1mpp/extracted/val/val/silent_videos/subject_111_z2gx0nezbr_vid_2_8/real.mp4,silent_videos/subject_111_z2gx0nezbr_vid_2_8/real.mp4,real.mp4,789913,0,False,,,,,,,False,No audio stream found
/home/jovyan/MSC_PROJECT/data/avdeepfake1mpp/extracted/val/val/silent_videos/subject_119_x17y0ogsay_vid_0_7/fake.mp4,silent_videos/subject_119_x17y0ogsay_vid_0_7/fake.mp4,fake.mp4,1248079,0,False,,,,,,,False,No audio stream found
/home/jovyan/MSC_PROJECT/data/avdeepfake1mpp/extracted/val/val/silent_videos/subject_119_x17y0ogsay_vid_0_7/real.mp4,silent_videos/subject_119_x17y0ogsay_vid_0_7/real.mp4,real.mp4,1797613,0,False,,,,,,,False,No audio stream found
/home/jovyan/MSC_PROJECT/data/avdeepfake1mpp/extracted/val/val/silent_videos/subject_119_x17y0ogsay_vid_1_13/fake.mp4,silent_videos/subject_119_x17y0ogsay_vid_1_13/fake.mp4,fake.mp4,1218514,0,False,,,,,,,False,No audio stream found
/home/jovyan/MSC_PROJECT/data/avdeepfake1mpp/extracted/val/val/silent_videos/subject_121_8h5y1xzwge_vid_0_21/fake.mp4,silent_videos/subject_121_8h5y1xzwge_vid_0_21/fake.mp4,fake.mp4,1187830,0,False,,,,,,,False,No audio stream found
/home/jovyan/MSC_PROJECT/data/avdeepfake1mpp/extracted/val/val/silent_videos/subject_119_x17y0ogsay_vid_1_3/fake.mp4,silent_videos/subject_119_x17y0ogsay_vid_1_3/fake.mp4,fake.mp4,1218974,0,False,,,,,,,False,No audio stream found
/home/jovyan/MSC_PROJECT/data/avdeepfake1mpp/extracted/val/val/silent_videos/subject_119_x17y0ogsay_vid_2_21/real.mp4,silent_videos/subject_119_x17y0ogsay_vid_2_21/real.mp4,real.mp4,1644836,0,False,,,,,,,False,No audio stream found
/home/jovyan/MSC_PROJECT/data/avdeepfake1mpp/extracted/val/val/silent_videos/subject_119_x17y0ogsay_vid_1_13/real.mp4,silent_videos/subject_119_x17y0ogsay_vid_1_13/real.mp4,real.mp4,1555535,0,False,,,,,,,False,No audio stream found
/home/jovyan/MSC_PROJECT/data/avdeepfake1mpp/extracted/val/val/silent_videos/subject_119_x17y0ogsay_vid_2_21/fake.mp4,silent_videos/subject_119_x17y0ogsay_vid_2_21/fake.mp4,fake.mp4,1243343,0,False,,,,,,,False,No audio stream found
/home/jovyan/MSC_PROJECT/data/avdeepfake1mpp/extracted/val/val/silent_videos/subject_119_x17y0ogsay_vid_1_3/real.mp4,silent_videos/subject_119_x17y0ogsay_vid_1_3/real.mp4,real.mp4,1624577,0,False,,,,,,,False,No audio stream found
/home/jovyan/MSC_PROJECT/data/avdeepfake1mpp/extracted/val/val/silent_videos/subject_119_x17y0ogsay_vid_2_30/fake.mp4,silent_videos/subject_119_x17y0ogsay_vid_2_30/fake.mp4,fake.mp4,1257432,0,False,,,,,,,False,No audio stream found
/home/jovyan/MSC_PROJECT/data/avdeepfake1mpp/extracted/val/val/silent_videos/subject_119_x17y0ogsay_vid_2_30/real.mp4,silent_videos/subject_119_x17y0ogsay_vid_2_30/real.mp4,real.mp4,1999750,0,False,,,,,,,False,No audio stream found
/home/jovyan/MSC_PROJECT/data/avdeepfake1mpp/extracted/val/val/silent_videos/subject_123_random3v0bx7575d_vid_0_19/fake.mp4,silent_videos/subject_123_random3v0bx7575d_vid_0_19/fake.mp4,fake.mp4,1167268,0,False,,,,,,,False,No audio stream found
/home/jovyan/MSC_PROJECT/data/avdeepfake1mpp/extracted/val/val/silent_videos/subject_121_8h5y1xzwge_vid_0_21/real.mp4,silent_videos/subject_121_8h5y1xzwge_vid_0_21/real.mp4,real.mp4,951933,0,False,,,,,,,False,No audio stream found
/home/jovyan/MSC_PROJECT/data/avdeepfake1mpp/extracted/val/val/silent_videos/subject_121_8h5y1xzwge_vid_2_2/real.mp4,silent_videos/subject_121_8h5y1xzwge_vid_2_2/real.mp4,real.mp4,903985,0,False,,,,,,,False,No audio stream found
/home/jovyan/MSC_PROJECT/data/avdeepfake1mpp/extracted/val/val/silent_videos/subject_121_8h5y1xzwge_vid_0_29/fake.mp4,silent_videos/subject_121_8h5y1xzwge_vid_0_29/fake.mp4,fake.mp4,1159505,0,False,,,,,,,False,No audio stream found
/home/jovyan/MSC_PROJECT/data/avdeepfake1mpp/extracted/val/val/silent_videos/subject_121_8h5y1xzwge_vid_0_29/real.mp4,silent_videos/subject_121_8h5y1xzwge_vid_0_29/real.mp4,real.mp4,836748,0,False,,,,,,,False,No audio stream found
/home/jovyan/MSC_PROJECT/data/avdeepfake1mpp/extracted/val/val/silent_videos/subject_121_8h5y1xzwge_vid_2_13/fake.mp4,silent_videos/subject_121_8h5y1xzwge_vid_2_13/fake.mp4,fake.mp4,1148467,0,False,,,,,,,False,No audio stream found
/home/jovyan/MSC_PROJECT/data/avdeepfake1mpp/extracted/val/val/silent_videos/subject_121_8h5y1xzwge_vid_2_2/fake.mp4,silent_videos/subject_121_8h5y1xzwge_vid_2_2/fake.mp4,fake.mp4,1196984,0,False,,,,,,,False,No audio stream found
/home/jovyan/MSC_PROJECT/data/avdeepfake1mpp/extracted/val/val/silent_videos/subject_121_8h5y1xzwge_vid_2_13/real.mp4,silent_videos/subject_121_8h5y1xzwge_vid_2_13/real.mp4,real.mp4,1033382,0,False,,,,,,,False,No audio stream found
/home/jovyan/MSC_PROJECT/data/avdeepfake1mpp/extracted/val/val/silent_videos/subject_123_random3v0bx7575d_vid_0_19/real.mp4,silent_videos/subject_123_random3v0bx7575d_vid_0_19/real.mp4,real.mp4,1588676,0,False,,,,,,,False,No audio stream found
/home/jovyan/MSC_PROJECT/data/avdeepfake1mpp/extracted/val/val/silent_videos/subject_123_random3v0bx7575d_vid_1_3/real.mp4,silent_videos/subject_123_random3v0bx7575d_vid_1_3/real.mp4,real.mp4,2149211,0,False,,,,,,,False,No audio stream found
/home/jovyan/MSC_PROJECT/data/avdeepfake1mpp/extracted/val/val/silent_videos/subject_123_random3v0bx7575d_vid_0_2/real.mp4,silent_videos/subject_123_random3v0bx7575d_vid_0_2/real.mp4,real.mp4,1744264,0,False,,,,,,,False,No audio stream found
/home/jovyan/MSC_PROJECT/data/avdeepfake1mpp/extracted/val/val/silent_videos/subject_123_random3v0bx7575d_vid_0_2/fake.mp4,silent_videos/subject_123_random3v0bx7575d_vid_0_2/fake.mp4,fake.mp4,1104552,0,False,,,,,,,False,No audio stream found
/home/jovyan/MSC_PROJECT/data/avdeepfake1mpp/extracted/val/val/silent_videos/subject_123_random3v0bx7575d_vid_1_3/fake.mp4,silent_videos/subject_123_random3v0bx7575d_vid_1_3/fake.mp4,fake.mp4,1256996,0,False,,,,,,,False,No audio stream found
/home/jovyan/MSC_PROJECT/data/avdeepfake1mpp/extracted/val/val/silent_videos/subject_123_random3v0bx7575d_vid_1_5/fake.mp4,silent_videos/subject_123_random3v0bx7575d_vid_1_5/fake.mp4,fake.mp4,1163436,0,False,,,,,,,False,No audio stream found
/home/jovyan/MSC_PROJECT/data/avdeepfake1mpp/extracted/val/val/silent_videos/subject_123_random3v0bx7575d_vid_0_26/fake.mp4,silent_videos/subject_123_random3v0bx7575d_vid_0_26/fake.mp4,fake.mp4,1178942,0,False,,,,,,,False,No audio stream found
/home/jovyan/MSC_PROJECT/data/avdeepfake1mpp/extracted/val/val/silent_videos/subject_123_random3v0bx7575d_vid_0_26/real.mp4,silent_videos/subject_123_random3v0bx7575d_vid_0_26/real.mp4,real.mp4,1735377,0,False,,,,,,,False,No audio stream found
/home/jovyan/MSC_PROJECT/data/avdeepfake1mpp/extracted/val/val/silent_videos/subject_124_zw8quy4q8v_vid_2_0/fake.mp4,silent_videos/subject_124_zw8quy4q8v_vid_2_0/fake.mp4,fake.mp4,1425817,0,False,,,,,,,False,No audio stream found
/home/jovyan/MSC_PROJECT/data/avdeepfake1mpp/extracted/val/val/silent_videos/subject_123_random3v0bx7575d_vid_2_22/fake.mp4,silent_videos/subject_123_random3v0bx7575d_vid_2_22/fake.mp4,fake.mp4,1287446,0,False,,,,,,,False,No audio stream found
/home/jovyan/MSC_PROJECT/data/avdeepfake1mpp/extracted/val/val/silent_videos/subject_123_random3v0bx7575d_vid_1_5/real.mp4,silent_videos/subject_123_random3v0bx7575d_vid_1_5/real.mp4,real.mp4,2424887,0,False,,,,,,,False,No audio stream found
/home/jovyan/MSC_PROJECT/data/avdeepfake1mpp/extracted/val/val/silent_videos/subject_124_zw8quy4q8v_vid_1_20/fake.mp4,silent_videos/subject_124_zw8quy4q8v_vid_1_20/fake.mp4,fake.mp4,1247039,0,False,,,,,,,False,No audio stream found
/home/jovyan/MSC_PROJECT/data/avdeepfake1mpp/extracted/val/val/silent_videos/subject_124_zw8quy4q8v_vid_1_24/fake.mp4,silent_videos/subject_124_zw8quy4q8v_vid_1_24/fake.mp4,fake.mp4,1251348,0,False,,,,,,,False,No audio stream found
/home/jovyan/MSC_PROJECT/data/avdeepfake1mpp/extracted/val/val/silent_videos/subject_123_random3v0bx7575d_vid_2_22/real.mp4,silent_videos/subject_123_random3v0bx7575d_vid_2_22/real.mp4,real.mp4,1729848,0,False,,,,,,,False,No audio stream found
/home/jovyan/MSC_PROJECT/data/avdeepfake1mpp/extracted/val/val/silent_videos/subject_124_zw8quy4q8v_vid_1_20/real.mp4,silent_videos/subject_124_zw8quy4q8v_vid_1_20/real.mp4,real.mp4,2200252,0,False,,,,,,,False,No audio stream found
/home/jovyan/MSC_PROJECT/data/avdeepfake1mpp/extracted/val/val/silent_videos/subject_124_zw8quy4q8v_vid_1_24/real.mp4,silent_videos/subject_124_zw8quy4q8v_vid_1_24/real.mp4,real.mp4,2475336,0,False,,,,,,,False,No audio stream found
/home/jovyan/MSC_PROJECT/data/avdeepfake1mpp/extracted/val/val/silent_videos/subject_126_kto30htac2_vid_0_24/fake.mp4,silent_videos/subject_126_kto30htac2_vid_0_24/fake.mp4,fake.mp4,1200959,0,False,,,,,,,False,No audio stream found
/home/jovyan/MSC_PROJECT/data/avdeepfake1mpp/extracted/val/val/silent_videos/subject_126_kto30htac2_vid_0_24/real.mp4,silent_videos/subject_126_kto30htac2_vid_0_24/real.mp4,real.mp4,2528156,0,False,,,,,,,False,No audio stream found
/home/jovyan/MSC_PROJECT/data/avdeepfake1mpp/extracted/val/val/silent_videos/subject_126_kto30htac2_vid_0_15/real.mp4,silent_videos/subject_126_kto30htac2_vid_0_15/real.mp4,real.mp4,2521782,0,False,,,,,,,False,No audio stream found
/home/jovyan/MSC_PROJECT/data/avdeepfake1mpp/extracted/val/val/silent_videos/subject_126_kto30htac2_vid_1_18/fake.mp4,silent_videos/subject_126_kto30htac2_vid_1_18/fake.mp4,fake.mp4,1241666,0,False,,,,,,,False,No audio stream found
/home/jovyan/MSC_PROJECT/data/avdeepfake1mpp/extracted/val/val/silent_videos/subject_124_zw8quy4q8v_vid_2_18/fake.mp4,silent_videos/subject_124_zw8quy4q8v_vid_2_18/fake.mp4,fake.mp4,1305165,0,False,,,,,,,False,No audio stream found
/home/jovyan/MSC_PROJECT/data/avdeepfake1mpp/extracted/val/val/silent_videos/subject_124_zw8quy4q8v_vid_2_18/real.mp4,silent_videos/subject_124_zw8quy4q8v_vid_2_18/real.mp4,real.mp4,1301783,0,False,,,,,,,False,No audio stream found
/home/jovyan/MSC_PROJECT/data/avdeepfake1mpp/extracted/val/val/silent_videos/subject_124_zw8quy4q8v_vid_2_0/real.mp4,silent_videos/subject_124_zw8quy4q8v_vid_2_0/real.mp4,real.mp4,1742550,0,False,,,,,,,False,No audio stream found
/home/jovyan/MSC_PROJECT/data/avdeepfake1mpp/extracted/val/val/silent_videos/subject_126_kto30htac2_vid_0_15/fake.mp4,silent_videos/subject_126_kto30htac2_vid_0_15/fake.mp4,fake.mp4,1227219,0,False,,,,,,,False,No audio stream found
/home/jovyan/MSC_PROJECT/data/avdeepfake1mpp/extracted/val/val/silent_videos/subject_126_kto30htac2_vid_2_26/fake.mp4,silent_videos/subject_126_kto30htac2_vid_2_26/fake.mp4,fake.mp4,1242400,0,False,,,,,,,False,No audio stream found
/home/jovyan/MSC_PROJECT/data/avdeepfake1mpp/extracted/val/val/silent_videos/subject_126_kto30htac2_vid_1_18/real.mp4,silent_videos/subject_126_kto30htac2_vid_1_18/real.mp4,real.mp4,2499993,0,False,,,,,,,False,No audio stream found
/home/jovyan/MSC_PROJECT/data/avdeepfake1mpp/extracted/val/val/silent_videos/subject_126_kto30htac2_vid_2_18/real.mp4,silent_videos/subject_126_kto30htac2_vid_2_18/real.mp4,real.mp4,2575206,0,False,,,,,,,False,No audio stream found
/home/jovyan/MSC_PROJECT/data/avdeepfake1mpp/extracted/val/val/silent_videos/subject_126_kto30htac2_vid_2_18/fake.mp4,silent_videos/subject_126_kto30htac2_vid_2_18/fake.mp4,fake.mp4,1177130,0,False,,,,,,,False,No audio stream found
/home/jovyan/MSC_PROJECT/data/avdeepfake1mpp/extracted/val/val/silent_videos/subject_126_kto30htac2_vid_2_32/fake.mp4,silent_videos/subject_126_kto30htac2_vid_2_32/fake.mp4,fake.mp4,1244010,0,False,,,,,,,False,No audio stream found
/home/jovyan/MSC_PROJECT/data/avdeepfake1mpp/extracted/val/val/silent_videos/subject_126_kto30htac2_vid_2_20/fake.mp4,silent_videos/subject_126_kto30htac2_vid_2_20/fake.mp4,fake.mp4,1244530,0,False,,,,,,,False,No audio stream found
/home/jovyan/MSC_PROJECT/data/avdeepfake1mpp/extracted/val/val/silent_videos/subject_126_kto30htac2_vid_2_20/real.mp4,silent_videos/subject_126_kto30htac2_vid_2_20/real.mp4,real.mp4,2750580,0,False,,,,,,,False,No audio stream found
/home/jovyan/MSC_PROJECT/data/avdeepfake1mpp/extracted/val/val/silent_videos/subject_126_kto30htac2_vid_2_26/real.mp4,silent_videos/subject_126_kto30htac2_vid_2_26/real.mp4,real.mp4,2696869,0,False,,,,,,,False,No audio stream found
/home/jovyan/MSC_PROJECT/data/avdeepfake1mpp/extracted/val/val/silent_videos/subject_12_g0lww4zt4d_vid_1_31/real.mp4,silent_videos/subject_12_g0lww4zt4d_vid_1_31/real.mp4,real.mp4,1298373,0,False,,,,,,,False,No audio stream found
/home/jovyan/MSC_PROJECT/data/avdeepfake1mpp/extracted/val/val/silent_videos/subject_126_kto30htac2_vid_2_32/real.mp4,silent_videos/subject_126_kto30htac2_vid_2_32/real.mp4,real.mp4,2700866,0,False,,,,,,,False,No audio stream found
/home/jovyan/MSC_PROJECT/data/avdeepfake1mpp/extracted/val/val/silent_videos/subject_12_g0lww4zt4d_vid_1_31/fake.mp4,silent_videos/subject_12_g0lww4zt4d_vid_1_31/fake.mp4,fake.mp4,1189148,0,False,,,,,,,False,No audio stream found
/home/jovyan/MSC_PROJECT/data/avdeepfake1mpp/extracted/val/val/silent_videos/subject_12_g0lww4zt4d_vid_2_12/fake.mp4,silent_videos/subject_12_g0lww4zt4d_vid_2_12/fake.mp4,fake.mp4,1198534,0,False,,,,,,,False,No audio stream found
/home/jovyan/MSC_PROJECT/data/avdeepfake1mpp/extracted/val/val/silent_videos/subject_12_g0lww4zt4d_vid_2_12/real.mp4,silent_videos/subject_12_g0lww4zt4d_vid_2_12/real.mp4,real.mp4,1272257,0,False,,,,,,,False,No audio stream found
/home/jovyan/MSC_PROJECT/data/avdeepfake1mpp/extracted/val/val/silent_videos/subject_14_er0uwclwsh_vid_0_30/fake.mp4,silent_videos/subject_14_er0uwclwsh_vid_0_30/fake.mp4,fake.mp4,1192450,0,False,,,,,,,False,No audio stream found
/home/jovyan/MSC_PROJECT/data/avdeepfake1mpp/extracted/val/val/silent_videos/subject_14_er0uwclwsh_vid_0_9/fake.mp4,silent_videos/subject_14_er0uwclwsh_vid_0_9/fake.mp4,fake.mp4,1209601,0,False,,,,,,,False,No audio stream found
/home/jovyan/MSC_PROJECT/data/avdeepfake1mpp/extracted/val/val/silent_videos/subject_14_er0uwclwsh_vid_0_30/real.mp4,silent_videos/subject_14_er0uwclwsh_vid_0_30/real.mp4,real.mp4,1054589,0,False,,,,,,,False,No audio stream found
/home/jovyan/MSC_PROJECT/data/avdeepfake1mpp/extracted/val/val/silent_videos/subject_14_er0uwclwsh_vid_0_9/real.mp4,silent_videos/subject_14_er0uwclwsh_vid_0_9/real.mp4,real.mp4,1037595,0,False,,,,,,,False,No audio stream found
/home/jovyan/MSC_PROJECT/data/avdeepfake1mpp/extracted/val/val/silent_videos/subject_15_randomdradnfzte6_vid_0_0/real.mp4,silent_videos/subject_15_randomdradnfzte6_vid_0_0/real.mp4,real.mp4,1458542,0,False,,,,,,,False,No audio stream found
/home/jovyan/MSC_PROJECT/data/avdeepfake1mpp/extracted/val/val/silent_videos/subject_15_randomdradnfzte6_vid_0_0/fake.mp4,silent_videos/subject_15_randomdradnfzte6_vid_0_0/fake.mp4,fake.mp4,1125664,0,False,,,,,,,False,No audio stream found
/home/jovyan/MSC_PROJECT/data/avdeepfake1mpp/extracted/val/val/silent_videos/subject_15_randomdradnfzte6_vid_0_30/fake.mp4,silent_videos/subject_15_randomdradnfzte6_vid_0_30/fake.mp4,fake.mp4,1447619,0,False,,,,,,,False,No audio stream found
/home/jovyan/MSC_PROJECT/data/avdeepfake1mpp/extracted/val/val/silent_videos/subject_14_er0uwclwsh_vid_1_19/fake.mp4,silent_videos/subject_14_er0uwclwsh_vid_1_19/fake.mp4,fake.mp4,1173856,0,False,,,,,,,False,No audio stream found
/home/jovyan/MSC_PROJECT/data/avdeepfake1mpp/extracted/val/val/silent_videos/subject_14_er0uwclwsh_vid_1_30/fake.mp4,silent_videos/subject_14_er0uwclwsh_vid_1_30/fake.mp4,fake.mp4,1199503,0,False,,,,,,,False,No audio stream found
/home/jovyan/MSC_PROJECT/data/avdeepfake1mpp/extracted/val/val/silent_videos/subject_14_er0uwclwsh_vid_1_19/real.mp4,silent_videos/subject_14_er0uwclwsh_vid_1_19/real.mp4,real.mp4,1016495,0,False,,,,,,,False,No audio stream found
/home/jovyan/MSC_PROJECT/data/avdeepfake1mpp/extracted/val/val/silent_videos/subject_14_er0uwclwsh_vid_1_30/real.mp4,silent_videos/subject_14_er0uwclwsh_vid_1_30/real.mp4,real.mp4,1005483,0,False,,,,,,,False,No audio stream found
/home/jovyan/MSC_PROJECT/data/avdeepfake1mpp/extracted/val/val/silent_videos/subject_15_randomdradnfzte6_vid_0_30/real.mp4,silent_videos/subject_15_randomdradnfzte6_vid_0_30/real.mp4,real.mp4,1722426,0,False,,,,,,,False,No audio stream found
/home/jovyan/MSC_PROJECT/data/avdeepfake1mpp/extracted/val/val/silent_videos/subject_15_randomdradnfzte6_vid_1_23/fake.mp4,silent_videos/subject_15_randomdradnfzte6_vid_1_23/fake.mp4,fake.mp4,1247167,0,False,,,,,,,False,No audio stream found
/home/jovyan/MSC_PROJECT/data/avdeepfake1mpp/extracted/val/val/silent_videos/subject_15_randomdradnfzte6_vid_1_4/fake.mp4,silent_videos/subject_15_randomdradnfzte6_vid_1_4/fake.mp4,fake.mp4,1270136,0,False,,,,,,,False,No audio stream found
/home/jovyan/MSC_PROJECT/data/avdeepfake1mpp/extracted/val/val/silent_videos/subject_15_randomdradnfzte6_vid_1_23/real.mp4,silent_videos/subject_15_randomdradnfzte6_vid_1_23/real.mp4,real.mp4,1634653,0,False,,,,,,,False,No audio stream found
/home/jovyan/MSC_PROJECT/data/avdeepfake1mpp/extracted/val/val/silent_videos/subject_15_randomdradnfzte6_vid_1_6/fake.mp4,silent_videos/subject_15_randomdradnfzte6_vid_1_6/fake.mp4,fake.mp4,1294881,0,False,,,,,,,False,No audio stream found
/home/jovyan/MSC_PROJECT/data/avdeepfake1mpp/extracted/val/val/silent_videos/subject_15_randomdradnfzte6_vid_1_6/real.mp4,silent_videos/subject_15_randomdradnfzte6_vid_1_6/real.mp4,real.mp4,1388661,0,False,,,,,,,False,No audio stream found
/home/jovyan/MSC_PROJECT/data/avdeepfake1mpp/extracted/val/val/silent_videos/subject_15_randomdradnfzte6_vid_1_7/fake.mp4,silent_videos/subject_15_randomdradnfzte6_vid_1_7/fake.mp4,fake.mp4,1204684,0,False,,,,,,,False,No audio stream found
/home/jovyan/MSC_PROJECT/data/avdeepfake1mpp/extracted/val/val/silent_videos/subject_15_randomdradnfzte6_vid_1_4/real.mp4,silent_videos/subject_15_randomdradnfzte6_vid_1_4/real.mp4,real.mp4,1601594,0,False,,,,,,,False,No audio stream found
/home/jovyan/MSC_PROJECT/data/avdeepfake1mpp/extracted/val/val/silent_videos/subject_15_randomdradnfzte6_vid_1_9/fake.mp4,silent_videos/subject_15_randomdradnfzte6_vid_1_9/fake.mp4,fake.mp4,1274422,0,False,,,,,,,False,No audio stream found
/home/jovyan/MSC_PROJECT/data/avdeepfake1mpp/extracted/val/val/silent_videos/subject_15_randomdradnfzte6_vid_1_7/real.mp4,silent_videos/subject_15_randomdradnfzte6_vid_1_7/real.mp4,real.mp4,1251756,0,False,,,,,,,False,No audio stream found
/home/jovyan/MSC_PROJECT/data/avdeepfake1mpp/extracted/val/val/silent_videos/subject_15_randomdradnfzte6_vid_2_10/fake.mp4,silent_videos/subject_15_randomdradnfzte6_vid_2_10/fake.mp4,fake.mp4,1193349,0,False,,,,,,,False,No audio stream found
/home/jovyan/MSC_PROJECT/data/avdeepfake1mpp/extracted/val/val/silent_videos/subject_15_randomdradnfzte6_vid_1_9/real.mp4,silent_videos/subject_15_randomdradnfzte6_vid_1_9/real.mp4,real.mp4,1422865,0,False,,,,,,,False,No audio stream found
/home/jovyan/MSC_PROJECT/data/avdeepfake1mpp/extracted/val/val/silent_videos/subject_15_randomdradnfzte6_vid_2_10/real.mp4,silent_videos/subject_15_randomdradnfzte6_vid_2_10/real.mp4,real.mp4,1566253,0,False,,,,,,,False,No audio stream found
/home/jovyan/MSC_PROJECT/data/avdeepfake1mpp/extracted/val/val/silent_videos/subject_16_znxhms0ar6_vid_1_14/fake.mp4,silent_videos/subject_16_znxhms0ar6_vid_1_14/fake.mp4,fake.mp4,1197977,0,False,,,,,,,False,No audio stream found
/home/jovyan/MSC_PROJECT/data/avdeepfake1mpp/extracted/val/val/silent_videos/subject_16_znxhms0ar6_vid_0_16/real.mp4,silent_videos/subject_16_znxhms0ar6_vid_0_16/real.mp4,real.mp4,1212606,0,False,,,,,,,False,No audio stream found
/home/jovyan/MSC_PROJECT/data/avdeepfake1mpp/extracted/val/val/silent_videos/subject_16_znxhms0ar6_vid_0_16/fake.mp4,silent_videos/subject_16_znxhms0ar6_vid_0_16/fake.mp4,fake.mp4,1264231,0,False,,,,,,,False,No audio stream found
/home/jovyan/MSC_PROJECT/data/avdeepfake1mpp/extracted/val/val/silent_videos/subject_16_znxhms0ar6_vid_1_14/real.mp4,silent_videos/subject_16_znxhms0ar6_vid_1_14/real.mp4,real.mp4,1228711,0,False,,,,,,,False,No audio stream found
/home/jovyan/MSC_PROJECT/data/avdeepfake1mpp/extracted/val/val/silent_videos/subject_16_znxhms0ar6_vid_2_32/fake.mp4,silent_videos/subject_16_znxhms0ar6_vid_2_32/fake.mp4,fake.mp4,673161,0,False,,,,,,,False,No audio stream found
/home/jovyan/MSC_PROJECT/data/avdeepfake1mpp/extracted/val/val/silent_videos/subject_16_znxhms0ar6_vid_1_23/fake.mp4,silent_videos/subject_16_znxhms0ar6_vid_1_23/fake.mp4,fake.mp4,1235994,0,False,,,,,,,False,No audio stream found
/home/jovyan/MSC_PROJECT/data/avdeepfake1mpp/extracted/val/val/silent_videos/subject_16_znxhms0ar6_vid_1_15/fake.mp4,silent_videos/subject_16_znxhms0ar6_vid_1_15/fake.mp4,fake.mp4,1241650,0,False,,,,,,,False,No audio stream found
/home/jovyan/MSC_PROJECT/data/avdeepfake1mpp/extracted/val/val/silent_videos/subject_16_znxhms0ar6_vid_1_23/real.mp4,silent_videos/subject_16_znxhms0ar6_vid_1_23/real.mp4,real.mp4,1177671,0,False,,,,,,,False,No audio stream found
/home/jovyan/MSC_PROJECT/data/avdeepfake1mpp/extracted/val/val/silent_videos/subject_16_znxhms0ar6_vid_1_15/real.mp4,silent_videos/subject_16_znxhms0ar6_vid_1_15/real.mp4,real.mp4,1201714,0,False,,,,,,,False,No audio stream found
/home/jovyan/MSC_PROJECT/data/avdeepfake1mpp/extracted/val/val/silent_videos/subject_16_znxhms0ar6_vid_2_32/real.mp4,silent_videos/subject_16_znxhms0ar6_vid_2_32/real.mp4,real.mp4,686721,0,False,,,,,,,False,No audio stream found
/home/jovyan/MSC_PROJECT/data/avdeepfake1mpp/extracted/val/val/silent_videos/subject_17_ddvyjnjfad_vid_1_24/fake.mp4,silent_videos/subject_17_ddvyjnjfad_vid_1_24/fake.mp4,fake.mp4,1169460,0,False,,,,,,,False,No audio stream found
/home/jovyan/MSC_PROJECT/data/avdeepfake1mpp/extracted/val/val/silent_videos/subject_17_ddvyjnjfad_vid_2_16/fake.mp4,silent_videos/subject_17_ddvyjnjfad_vid_2_16/fake.mp4,fake.mp4,1161657,0,False,,,,,,,False,No audio stream found
/home/jovyan/MSC_PROJECT/data/avdeepfake1mpp/extracted/val/val/silent_videos/subject_17_ddvyjnjfad_vid_1_34/fake.mp4,silent_videos/subject_17_ddvyjnjfad_vid_1_34/fake.mp4,fake.mp4,1169673,0,False,,,,,,,False,No audio stream found
/home/jovyan/MSC_PROJECT/data/avdeepfake1mpp/extracted/val/val/silent_videos/subject_17_ddvyjnjfad_vid_2_33/real.mp4,silent_videos/subject_17_ddvyjnjfad_vid_2_33/real.mp4,real.mp4,552054,0,False,,,,,,,False,No audio stream found
/home/jovyan/MSC_PROJECT/data/avdeepfake1mpp/extracted/val/val/silent_videos/subject_17_ddvyjnjfad_vid_1_24/real.mp4,silent_videos/subject_17_ddvyjnjfad_vid_1_24/real.mp4,real.mp4,1296846,0,False,,,,,,,False,No audio stream found
/home/jovyan/MSC_PROJECT/data/avdeepfake1mpp/extracted/val/val/silent_videos/subject_17_ddvyjnjfad_vid_2_33/fake.mp4,silent_videos/subject_17_ddvyjnjfad_vid_2_33/fake.mp4,fake.mp4,435274,0,False,,,,,,,False,No audio stream found
/home/jovyan/MSC_PROJECT/data/avdeepfake1mpp/extracted/val/val/silent_videos/subject_17_ddvyjnjfad_vid_1_34/real.mp4,silent_videos/subject_17_ddvyjnjfad_vid_1_34/real.mp4,real.mp4,1272398,0,False,,,,,,,False,No audio stream found
/home/jovyan/MSC_PROJECT/data/avdeepfake1mpp/extracted/val/val/silent_videos/subject_17_ddvyjnjfad_vid_2_16/real.mp4,silent_videos/subject_17_ddvyjnjfad_vid_2_16/real.mp4,real.mp4,1286010,0,False,,,,,,,False,No audio stream found
/home/jovyan/MSC_PROJECT/data/avdeepfake1mpp/extracted/val/val/silent_videos/subject_17_ddvyjnjfad_vid_2_6/fake.mp4,silent_videos/subject_17_ddvyjnjfad_vid_2_6/fake.mp4,fake.mp4,1174269,0,False,,,,,,,False,No audio stream found
/home/jovyan/MSC_PROJECT/data/avdeepfake1mpp/extracted/val/val/silent_videos/subject_17_ddvyjnjfad_vid_2_6/real.mp4,silent_videos/subject_17_ddvyjnjfad_vid_2_6/real.mp4,real.mp4,1280869,0,False,,,,,,,False,No audio stream found
/home/jovyan/MSC_PROJECT/data/avdeepfake1mpp/extracted/val/val/silent_videos/subject_19_ah2mcee837_vid_1_28/fake.mp4,silent_videos/subject_19_ah2mcee837_vid_1_28/fake.mp4,fake.mp4,1186295,0,False,,,,,,,False,No audio stream found
/home/jovyan/MSC_PROJECT/data/avdeepfake1mpp/extracted/val/val/silent_videos/subject_19_ah2mcee837_vid_1_23/real.mp4,silent_videos/subject_19_ah2mcee837_vid_1_23/real.mp4,real.mp4,835207,0,False,,,,,,,False,No audio stream found
/home/jovyan/MSC_PROJECT/data/avdeepfake1mpp/extracted/val/val/silent_videos/subject_19_ah2mcee837_vid_1_23/fake.mp4,silent_videos/subject_19_ah2mcee837_vid_1_23/fake.mp4,fake.mp4,1171733,0,False,,,,,,,False,No audio stream found
/home/jovyan/MSC_PROJECT/data/avdeepfake1mpp/extracted/val/val/silent_videos/subject_1_1zug2hqfz1_vid_0_19/fake.mp4,silent_videos/subject_1_1zug2hqfz1_vid_0_19/fake.mp4,fake.mp4,1175393,0,False,,,,,,,False,No audio stream found
/home/jovyan/MSC_PROJECT/data/avdeepfake1mpp/extracted/val/val/silent_videos/subject_1_1zug2hqfz1_vid_0_19/real.mp4,silent_videos/subject_1_1zug2hqfz1_vid_0_19/real.mp4,real.mp4,1271551,0,False,,,,,,,False,No audio stream found
/home/jovyan/MSC_PROJECT/data/avdeepfake1mpp/extracted/val/val/silent_videos/subject_19_ah2mcee837_vid_1_28/real.mp4,silent_videos/subject_19_ah2mcee837_vid_1_28/real.mp4,real.mp4,807160,0,False,,,,,,,False,No audio stream found
/home/jovyan/MSC_PROJECT/data/avdeepfake1mpp/extracted/val/val/silent_videos/subject_1_1zug2hqfz1_vid_1_14/fake.mp4,silent_videos/subject_1_1zug2hqfz1_vid_1_14/fake.mp4,fake.mp4,1310590,0,False,,,,,,,False,No audio stream found
/home/jovyan/MSC_PROJECT/data/avdeepfake1mpp/extracted/val/val/silent_videos/subject_1_1zug2hqfz1_vid_1_15/real.mp4,silent_videos/subject_1_1zug2hqfz1_vid_1_15/real.mp4,real.mp4,1857872,0,False,,,,,,,False,No audio stream found
/home/jovyan/MSC_PROJECT/data/avdeepfake1mpp/extracted/val/val/silent_videos/subject_1_1zug2hqfz1_vid_1_25/fake.mp4,silent_videos/subject_1_1zug2hqfz1_vid_1_25/fake.mp4,fake.mp4,1195015,0,False,,,,,,,False,No audio stream found
/home/jovyan/MSC_PROJECT/data/avdeepfake1mpp/extracted/val/val/silent_videos/subject_1_1zug2hqfz1_vid_1_15/fake.mp4,silent_videos/subject_1_1zug2hqfz1_vid_1_15/fake.mp4,fake.mp4,1180245,0,False,,,,,,,False,No audio stream found
/home/jovyan/MSC_PROJECT/data/avdeepfake1mpp/extracted/val/val/silent_videos/subject_1_1zug2hqfz1_vid_1_25/real.mp4,silent_videos/subject_1_1zug2hqfz1_vid_1_25/real.mp4,real.mp4,1567131,0,False,,,,,,,False,No audio stream found
/home/jovyan/MSC_PROJECT/data/avdeepfake1mpp/extracted/val/val/silent_videos/subject_1_1zug2hqfz1_vid_1_14/real.mp4,silent_videos/subject_1_1zug2hqfz1_vid_1_14/real.mp4,real.mp4,1544869,0,False,,,,,,,False,No audio stream found
/home/jovyan/MSC_PROJECT/data/avdeepfake1mpp/extracted/val/val/silent_videos/subject_1_1zug2hqfz1_vid_1_26/fake.mp4,silent_videos/subject_1_1zug2hqfz1_vid_1_26/fake.mp4,fake.mp4,1124083,0,False,,,,,,,False,No audio stream found
/home/jovyan/MSC_PROJECT/data/avdeepfake1mpp/extracted/val/val/silent_videos/subject_1_1zug2hqfz1_vid_1_26/real.mp4,silent_videos/subject_1_1zug2hqfz1_vid_1_26/real.mp4,real.mp4,1697633,0,False,,,,,,,False,No audio stream found
/home/jovyan/MSC_PROJECT/data/avdeepfake1mpp/extracted/val/val/silent_videos/subject_1_1zug2hqfz1_vid_1_29/fake.mp4,silent_videos/subject_1_1zug2hqfz1_vid_1_29/fake.mp4,fake.mp4,1224805,0,False,,,,,,,False,No audio stream found
/home/jovyan/MSC_PROJECT/data/avdeepfake1mpp/extracted/val/val/silent_videos/subject_1_1zug2hqfz1_vid_1_4/fake.mp4,silent_videos/subject_1_1zug2hqfz1_vid_1_4/fake.mp4,fake.mp4,1165086,0,False,,,,,,,False,No audio stream found
/home/jovyan/MSC_PROJECT/data/avdeepfake1mpp/extracted/val/val/silent_videos/subject_1_1zug2hqfz1_vid_1_29/real.mp4,silent_videos/subject_1_1zug2hqfz1_vid_1_29/real.mp4,real.mp4,1834597,0,False,,,,,,,False,No audio stream found
/home/jovyan/MSC_PROJECT/data/avdeepfake1mpp/extracted/val/val/silent_videos/subject_1_1zug2hqfz1_vid_1_4/real.mp4,silent_videos/subject_1_1zug2hqfz1_vid_1_4/real.mp4,real.mp4,1288484,0,False,,,,,,,False,No audio stream found
/home/jovyan/MSC_PROJECT/data/avdeepfake1mpp/extracted/val/val/silent_videos/subject_21_3umwtqlolt_vid_0_18/fake.mp4,silent_videos/subject_21_3umwtqlolt_vid_0_18/fake.mp4,fake.mp4,1176742,0,False,,,,,,,False,No audio stream found
/home/jovyan/MSC_PROJECT/data/avdeepfake1mpp/extracted/val/val/silent_videos/subject_1_1zug2hqfz1_vid_2_9/fake.mp4,silent_videos/subject_1_1zug2hqfz1_vid_2_9/fake.mp4,fake.mp4,1345598,0,False,,,,,,,False,No audio stream found
/home/jovyan/MSC_PROJECT/data/avdeepfake1mpp/extracted/val/val/silent_videos/subject_1_1zug2hqfz1_vid_2_9/real.mp4,silent_videos/subject_1_1zug2hqfz1_vid_2_9/real.mp4,real.mp4,1629195,0,False,,,,,,,False,No audio stream found
/home/jovyan/MSC_PROJECT/data/avdeepfake1mpp/extracted/val/val/silent_videos/subject_21_3umwtqlolt_vid_0_18/real.mp4,silent_videos/subject_21_3umwtqlolt_vid_0_18/real.mp4,real.mp4,1039612,0,False,,,,,,,False,No audio stream found
/home/jovyan/MSC_PROJECT/data/avdeepfake1mpp/extracted/val/val/silent_videos/subject_21_3umwtqlolt_vid_1_12/fake.mp4,silent_videos/subject_21_3umwtqlolt_vid_1_12/fake.mp4,fake.mp4,1105182,0,False,,,,,,,False,No audio stream found
/home/jovyan/MSC_PROJECT/data/avdeepfake1mpp/extracted/val/val/silent_videos/subject_21_3umwtqlolt_vid_1_12/real.mp4,silent_videos/subject_21_3umwtqlolt_vid_1_12/real.mp4,real.mp4,880128,0,False,,,,,,,False,No audio stream found
/home/jovyan/MSC_PROJECT/data/avdeepfake1mpp/extracted/val/val/silent_videos/subject_21_3umwtqlolt_vid_1_31/fake.mp4,silent_videos/subject_21_3umwtqlolt_vid_1_31/fake.mp4,fake.mp4,1136044,0,False,,,,,,,False,No audio stream found
/home/jovyan/MSC_PROJECT/data/avdeepfake1mpp/extracted/val/val/silent_videos/subject_21_3umwtqlolt_vid_1_24/real.mp4,silent_videos/subject_21_3umwtqlolt_vid_1_24/real.mp4,real.mp4,1083607,0,False,,,,,,,False,No audio stream found
/home/jovyan/MSC_PROJECT/data/avdeepfake1mpp/extracted/val/val/silent_videos/subject_21_3umwtqlolt_vid_1_24/fake.mp4,silent_videos/subject_21_3umwtqlolt_vid_1_24/fake.mp4,fake.mp4,1196498,0,False,,,,,,,False,No audio stream found
/home/jovyan/MSC_PROJECT/data/avdeepfake1mpp/extracted/val/val/silent_videos/subject_21_3umwtqlolt_vid_1_34/fake.mp4,silent_videos/subject_21_3umwtqlolt_vid_1_34/fake.mp4,fake.mp4,1068693,0,False,,,,,,,False,No audio stream found
/home/jovyan/MSC_PROJECT/data/avdeepfake1mpp/extracted/val/val/silent_videos/subject_21_3umwtqlolt_vid_1_31/real.mp4,silent_videos/subject_21_3umwtqlolt_vid_1_31/real.mp4,real.mp4,1072249,0,False,,,,,,,False,No audio stream found
/home/jovyan/MSC_PROJECT/data/avdeepfake1mpp/extracted/val/val/silent_videos/subject_21_3umwtqlolt_vid_1_34/real.mp4,silent_videos/subject_21_3umwtqlolt_vid_1_34/real.mp4,real.mp4,903053,0,False,,,,,,,False,No audio stream found
/home/jovyan/MSC_PROJECT/data/avdeepfake1mpp/extracted/val/val/silent_videos/subject_21_3umwtqlolt_vid_1_6/fake.mp4,silent_videos/subject_21_3umwtqlolt_vid_1_6/fake.mp4,fake.mp4,1138443,0,False,,,,,,,False,No audio stream found
/home/jovyan/MSC_PROJECT/data/avdeepfake1mpp/extracted/val/val/silent_videos/subject_21_3umwtqlolt_vid_2_16/real.mp4,silent_videos/subject_21_3umwtqlolt_vid_2_16/real.mp4,real.mp4,857377,0,False,,,,,,,False,No audio stream found
/home/jovyan/MSC_PROJECT/data/avdeepfake1mpp/extracted/val/val/silent_videos/subject_21_3umwtqlolt_vid_2_3/real.mp4,silent_videos/subject_21_3umwtqlolt_vid_2_3/real.mp4,real.mp4,913155,0,False,,,,,,,False,No audio stream found
/home/jovyan/MSC_PROJECT/data/avdeepfake1mpp/extracted/val/val/silent_videos/subject_21_3umwtqlolt_vid_1_6/real.mp4,silent_videos/subject_21_3umwtqlolt_vid_1_6/real.mp4,real.mp4,791254,0,False,,,,,,,False,No audio stream found
/home/jovyan/MSC_PROJECT/data/avdeepfake1mpp/extracted/val/val/silent_videos/subject_22_37kn4gou0j_vid_0_11/fake.mp4,silent_videos/subject_22_37kn4gou0j_vid_0_11/fake.mp4,fake.mp4,1194655,0,False,,,,,,,False,No audio stream found
/home/jovyan/MSC_PROJECT/data/avdeepfake1mpp/extracted/val/val/silent_videos/subject_22_37kn4gou0j_vid_1_20/fake.mp4,silent_videos/subject_22_37kn4gou0j_vid_1_20/fake.mp4,fake.mp4,1200982,0,False,,,,,,,False,No audio stream found
/home/jovyan/MSC_PROJECT/data/avdeepfake1mpp/extracted/val/val/silent_videos/subject_22_37kn4gou0j_vid_0_11/real.mp4,silent_videos/subject_22_37kn4gou0j_vid_0_11/real.mp4,real.mp4,1057624,0,False,,,,,,,False,No audio stream found
/home/jovyan/MSC_PROJECT/data/avdeepfake1mpp/extracted/val/val/silent_videos/subject_21_3umwtqlolt_vid_2_16/fake.mp4,silent_videos/subject_21_3umwtqlolt_vid_2_16/fake.mp4,fake.mp4,1159092,0,False,,,,,,,False,No audio stream found
/home/jovyan/MSC_PROJECT/data/avdeepfake1mpp/extracted/val/val/silent_videos/subject_21_3umwtqlolt_vid_2_3/fake.mp4,silent_videos/subject_21_3umwtqlolt_vid_2_3/fake.mp4,fake.mp4,1178653,0,False,,,,,,,False,No audio stream found
/home/jovyan/MSC_PROJECT/data/avdeepfake1mpp/extracted/val/val/silent_videos/subject_22_37kn4gou0j_vid_1_20/real.mp4,silent_videos/subject_22_37kn4gou0j_vid_1_20/real.mp4,real.mp4,1214698,0,False,,,,,,,False,No audio stream found
/home/jovyan/MSC_PROJECT/data/avdeepfake1mpp/extracted/val/val/silent_videos/subject_22_37kn4gou0j_vid_1_40/fake.mp4,silent_videos/subject_22_37kn4gou0j_vid_1_40/fake.mp4,fake.mp4,1010036,0,False,,,,,,,False,No audio stream found
/home/jovyan/MSC_PROJECT/data/avdeepfake1mpp/extracted/val/val/silent_videos/subject_22_37kn4gou0j_vid_1_40/real.mp4,silent_videos/subject_22_37kn4gou0j_vid_1_40/real.mp4,real.mp4,832188,0,False,,,,,,,False,No audio stream found
/home/jovyan/MSC_PROJECT/data/avdeepfake1mpp/extracted/val/val/silent_videos/subject_22_37kn4gou0j_vid_2_31/real.mp4,silent_videos/subject_22_37kn4gou0j_vid_2_31/real.mp4,real.mp4,972173,0,False,,,,,,,False,No audio stream found
/home/jovyan/MSC_PROJECT/data/avdeepfake1mpp/extracted/val/val/silent_videos/subject_22_37kn4gou0j_vid_2_31/fake.mp4,silent_videos/subject_22_37kn4gou0j_vid_2_31/fake.mp4,fake.mp4,1206070,0,False,,,,,,,False,No audio stream found
/home/jovyan/MSC_PROJECT/data/avdeepfake1mpp/extracted/val/val/silent_videos/subject_23_randombhxelhr8yy_vid_0_1/fake.mp4,silent_videos/subject_23_randombhxelhr8yy_vid_0_1/fake.mp4,fake.mp4,1197854,0,False,,,,,,,False,No audio stream found
/home/jovyan/MSC_PROJECT/data/avdeepfake1mpp/extracted/val/val/silent_videos/subject_23_randombhxelhr8yy_vid_0_1/real.mp4,silent_videos/subject_23_randombhxelhr8yy_vid_0_1/real.mp4,real.mp4,1500900,0,False,,,,,,,False,No audio stream found
/home/jovyan/MSC_PROJECT/data/avdeepfake1mpp/extracted/val/val/silent_videos/subject_23_randombhxelhr8yy_vid_0_35/fake.mp4,silent_videos/subject_23_randombhxelhr8yy_vid_0_35/fake.mp4,fake.mp4,1247450,0,False,,,,,,,False,No audio stream found
/home/jovyan/MSC_PROJECT/data/avdeepfake1mpp/extracted/val/val/silent_videos/subject_23_randombhxelhr8yy_vid_0_37/real.mp4,silent_videos/subject_23_randombhxelhr8yy_vid_0_37/real.mp4,real.mp4,1454591,0,False,,,,,,,False,No audio stream found
/home/jovyan/MSC_PROJECT/data/avdeepfake1mpp/extracted/val/val/silent_videos/subject_23_randombhxelhr8yy_vid_1_25/fake.mp4,silent_videos/subject_23_randombhxelhr8yy_vid_1_25/fake.mp4,fake.mp4,1246959,0,False,,,,,,,False,No audio stream found
/home/jovyan/MSC_PROJECT/data/avdeepfake1mpp/extracted/val/val/silent_videos/subject_23_randombhxelhr8yy_vid_0_35/real.mp4,silent_videos/subject_23_randombhxelhr8yy_vid_0_35/real.mp4,real.mp4,1479993,0,False,,,,,,,False,No audio stream found
/home/jovyan/MSC_PROJECT/data/avdeepfake1mpp/extracted/val/val/silent_videos/subject_23_randombhxelhr8yy_vid_0_37/fake.mp4,silent_videos/subject_23_randombhxelhr8yy_vid_0_37/fake.mp4,fake.mp4,1241396,0,False,,,,,,,False,No audio stream found
/home/jovyan/MSC_PROJECT/data/avdeepfake1mpp/extracted/val/val/silent_videos/subject_23_randombhxelhr8yy_vid_1_25/real.mp4,silent_videos/subject_23_randombhxelhr8yy_vid_1_25/real.mp4,real.mp4,1623521,0,False,,,,,,,False,No audio stream found
/home/jovyan/MSC_PROJECT/data/avdeepfake1mpp/extracted/val/val/silent_videos/subject_23_randombhxelhr8yy_vid_1_27/real.mp4,silent_videos/subject_23_randombhxelhr8yy_vid_1_27/real.mp4,real.mp4,1540794,0,False,,,,,,,False,No audio stream found
/home/jovyan/MSC_PROJECT/data/avdeepfake1mpp/extracted/val/val/silent_videos/subject_23_randombhxelhr8yy_vid_1_27/fake.mp4,silent_videos/subject_23_randombhxelhr8yy_vid_1_27/fake.mp4,fake.mp4,1258305,0,False,,,,,,,False,No audio stream found
/home/jovyan/MSC_PROJECT/data/avdeepfake1mpp/extracted/val/val/silent_videos/subject_23_randombhxelhr8yy_vid_1_9/fake.mp4,silent_videos/subject_23_randombhxelhr8yy_vid_1_9/fake.mp4,fake.mp4,1246496,0,False,,,,,,,False,No audio stream found
/home/jovyan/MSC_PROJECT/data/avdeepfake1mpp/extracted/val/val/silent_videos/subject_23_randombhxelhr8yy_vid_1_9/real.mp4,silent_videos/subject_23_randombhxelhr8yy_vid_1_9/real.mp4,real.mp4,1681622,0,False,,,,,,,False,No audio stream found
/home/jovyan/MSC_PROJECT/data/avdeepfake1mpp/extracted/val/val/silent_videos/subject_24_35aqq1f9lo_vid_0_26/fake.mp4,silent_videos/subject_24_35aqq1f9lo_vid_0_26/fake.mp4,fake.mp4,1217815,0,False,,,,,,,False,No audio stream found
/home/jovyan/MSC_PROJECT/data/avdeepfake1mpp/extracted/val/val/silent_videos/subject_24_35aqq1f9lo_vid_2_2/fake.mp4,silent_videos/subject_24_35aqq1f9lo_vid_2_2/fake.mp4,fake.mp4,1300890,0,False,,,,,,,False,No audio stream found
/home/jovyan/MSC_PROJECT/data/avdeepfake1mpp/extracted/val/val/silent_videos/subject_24_35aqq1f9lo_vid_1_9/fake.mp4,silent_videos/subject_24_35aqq1f9lo_vid_1_9/fake.mp4,fake.mp4,1195297,0,False,,,,,,,False,No audio stream found
/home/jovyan/MSC_PROJECT/data/avdeepfake1mpp/extracted/val/val/silent_videos/subject_24_35aqq1f9lo_vid_1_31/fake.mp4,silent_videos/subject_24_35aqq1f9lo_vid_1_31/fake.mp4,fake.mp4,1216811,0,False,,,,,,,False,No audio stream found
/home/jovyan/MSC_PROJECT/data/avdeepfake1mpp/extracted/val/val/silent_videos/subject_24_35aqq1f9lo_vid_1_9/real.mp4,silent_videos/subject_24_35aqq1f9lo_vid_1_9/real.mp4,real.mp4,1278116,0,False,,,,,,,False,No audio stream found
/home/jovyan/MSC_PROJECT/data/avdeepfake1mpp/extracted/val/val/silent_videos/subject_24_35aqq1f9lo_vid_0_26/real.mp4,silent_videos/subject_24_35aqq1f9lo_vid_0_26/real.mp4,real.mp4,1210503,0,False,,,,,,,False,No audio stream found
/home/jovyan/MSC_PROJECT/data/avdeepfake1mpp/extracted/val/val/silent_videos/subject_24_35aqq1f9lo_vid_1_31/real.mp4,silent_videos/subject_24_35aqq1f9lo_vid_1_31/real.mp4,real.mp4,1124749,0,False,,,,,,,False,No audio stream found
/home/jovyan/MSC_PROJECT/data/avdeepfake1mpp/extracted/val/val/silent_videos/subject_24_35aqq1f9lo_vid_2_2/real.mp4,silent_videos/subject_24_35aqq1f9lo_vid_2_2/real.mp4,real.mp4,1558556,0,False,,,,,,,False,No audio stream found
/home/jovyan/MSC_PROJECT/data/avdeepfake1mpp/extracted/val/val/silent_videos/subject_25_9yhsja3clq_vid_0_25/fake.mp4,silent_videos/subject_25_9yhsja3clq_vid_0_25/fake.mp4,fake.mp4,1229048,0,False,,,,,,,False,No audio stream found
/home/jovyan/MSC_PROJECT/data/avdeepfake1mpp/extracted/val/val/silent_videos/subject_25_9yhsja3clq_vid_1_15/fake.mp4,silent_videos/subject_25_9yhsja3clq_vid_1_15/fake.mp4,fake.mp4,1247274,0,False,,,,,,,False,No audio stream found
/home/jovyan/MSC_PROJECT/data/avdeepfake1mpp/extracted/val/val/silent_videos/subject_25_9yhsja3clq_vid_1_15/real.mp4,silent_videos/subject_25_9yhsja3clq_vid_1_15/real.mp4,real.mp4,1483429,0,False,,,,,,,False,No audio stream found
/home/jovyan/MSC_PROJECT/data/avdeepfake1mpp/extracted/val/val/silent_videos/subject_25_9yhsja3clq_vid_0_25/real.mp4,silent_videos/subject_25_9yhsja3clq_vid_0_25/real.mp4,real.mp4,1454260,0,False,,,,,,,False,No audio stream found
/home/jovyan/MSC_PROJECT/data/avdeepfake1mpp/extracted/val/val/silent_videos/subject_25_9yhsja3clq_vid_1_21/fake.mp4,silent_videos/subject_25_9yhsja3clq_vid_1_21/fake.mp4,fake.mp4,893506,0,False,,,,,,,False,No audio stream found
/home/jovyan/MSC_PROJECT/data/avdeepfake1mpp/extracted/val/val/silent_videos/subject_25_9yhsja3clq_vid_1_21/real.mp4,silent_videos/subject_25_9yhsja3clq_vid_1_21/real.mp4,real.mp4,1063779,0,False,,,,,,,False,No audio stream found
/home/jovyan/MSC_PROJECT/data/avdeepfake1mpp/extracted/val/val/silent_videos/subject_25_9yhsja3clq_vid_1_31/fake.mp4,silent_videos/subject_25_9yhsja3clq_vid_1_31/fake.mp4,fake.mp4,1238265,0,False,,,,,,,False,No audio stream found
/home/jovyan/MSC_PROJECT/data/avdeepfake1mpp/extracted/val/val/silent_videos/subject_25_9yhsja3clq_vid_1_6/fake.mp4,silent_videos/subject_25_9yhsja3clq_vid_1_6/fake.mp4,fake.mp4,1228634,0,False,,,,,,,False,No audio stream found
/home/jovyan/MSC_PROJECT/data/avdeepfake1mpp/extracted/val/val/silent_videos/subject_25_9yhsja3clq_vid_1_31/real.mp4,silent_videos/subject_25_9yhsja3clq_vid_1_31/real.mp4,real.mp4,1515345,0,False,,,,,,,False,No audio stream found
/home/jovyan/MSC_PROJECT/data/avdeepfake1mpp/extracted/val/val/silent_videos/subject_25_9yhsja3clq_vid_1_6/real.mp4,silent_videos/subject_25_9yhsja3clq_vid_1_6/real.mp4,real.mp4,1438443,0,False,,,,,,,False,No audio stream found
/home/jovyan/MSC_PROJECT/data/avdeepfake1mpp/extracted/val/val/silent_videos/subject_25_9yhsja3clq_vid_2_1/fake.mp4,silent_videos/subject_25_9yhsja3clq_vid_2_1/fake.mp4,fake.mp4,1248662,0,False,,,,,,,False,No audio stream found
/home/jovyan/MSC_PROJECT/data/avdeepfake1mpp/extracted/val/val/silent_videos/subject_25_9yhsja3clq_vid_1_9/fake.mp4,silent_videos/subject_25_9yhsja3clq_vid_1_9/fake.mp4,fake.mp4,1225075,0,False,,,,,,,False,No audio stream found
/home/jovyan/MSC_PROJECT/data/avdeepfake1mpp/extracted/val/val/silent_videos/subject_25_9yhsja3clq_vid_1_9/real.mp4,silent_videos/subject_25_9yhsja3clq_vid_1_9/real.mp4,real.mp4,1540501,0,False,,,,,,,False,No audio stream found
/home/jovyan/MSC_PROJECT/data/avdeepfake1mpp/extracted/val/val/silent_videos/subject_25_9yhsja3clq_vid_2_1/real.mp4,silent_videos/subject_25_9yhsja3clq_vid_2_1/real.mp4,real.mp4,1470428,0,False,,,,,,,False,No audio stream found
/home/jovyan/MSC_PROJECT/data/avdeepfake1mpp/extracted/val/val/silent_videos/subject_25_9yhsja3clq_vid_2_25/fake.mp4,silent_videos/subject_25_9yhsja3clq_vid_2_25/fake.mp4,fake.mp4,1244910,0,False,,,,,,,False,No audio stream found
/home/jovyan/MSC_PROJECT/data/avdeepfake1mpp/extracted/val/val/silent_videos/subject_25_9yhsja3clq_vid_2_3/fake.mp4,silent_videos/subject_25_9yhsja3clq_vid_2_3/fake.mp4,fake.mp4,1212030,0,False,,,,,,,False,No audio stream found
/home/jovyan/MSC_PROJECT/data/avdeepfake1mpp/extracted/val/val/silent_videos/subject_25_9yhsja3clq_vid_2_25/real.mp4,silent_videos/subject_25_9yhsja3clq_vid_2_25/real.mp4,real.mp4,1530651,0,False,,,,,,,False,No audio stream found
/home/jovyan/MSC_PROJECT/data/avdeepfake1mpp/extracted/val/val/silent_videos/subject_25_9yhsja3clq_vid_2_3/real.mp4,silent_videos/subject_25_9yhsja3clq_vid_2_3/real.mp4,real.mp4,1596651,0,False,,,,,,,False,No audio stream found
/home/jovyan/MSC_PROJECT/data/avdeepfake1mpp/extracted/val/val/silent_videos/subject_27_7ynmerobzp_vid_0_28/fake.mp4,silent_videos/subject_27_7ynmerobzp_vid_0_28/fake.mp4,fake.mp4,1253922,0,False,,,,,,,False,No audio stream found
/home/jovyan/MSC_PROJECT/data/avdeepfake1mpp/extracted/val/val/silent_videos/subject_27_7ynmerobzp_vid_0_14/fake.mp4,silent_videos/subject_27_7ynmerobzp_vid_0_14/fake.mp4,fake.mp4,1254768,0,False,,,,,,,False,No audio stream found
/home/jovyan/MSC_PROJECT/data/avdeepfake1mpp/extracted/val/val/silent_videos/subject_27_7ynmerobzp_vid_0_14/real.mp4,silent_videos/subject_27_7ynmerobzp_vid_0_14/real.mp4,real.mp4,1909731,0,False,,,,,,,False,No audio stream found
/home/jovyan/MSC_PROJECT/data/avdeepfake1mpp/extracted/val/val/silent_videos/subject_27_7ynmerobzp_vid_1_34/fake.mp4,silent_videos/subject_27_7ynmerobzp_vid_1_34/fake.mp4,fake.mp4,1251775,0,False,,,,,,,False,No audio stream found
/home/jovyan/MSC_PROJECT/data/avdeepfake1mpp/extracted/val/val/silent_videos/subject_27_7ynmerobzp_vid_0_28/real.mp4,silent_videos/subject_27_7ynmerobzp_vid_0_28/real.mp4,real.mp4,1797534,0,False,,,,,,,False,No audio stream found
/home/jovyan/MSC_PROJECT/data/avdeepfake1mpp/extracted/val/val/silent_videos/subject_29_l43bqp43lo_vid_0_17/fake.mp4,silent_videos/subject_29_l43bqp43lo_vid_0_17/fake.mp4,fake.mp4,1222857,0,False,,,,,,,False,No audio stream found
/home/jovyan/MSC_PROJECT/data/avdeepfake1mpp/extracted/val/val/silent_videos/subject_27_7ynmerobzp_vid_2_7/fake.mp4,silent_videos/subject_27_7ynmerobzp_vid_2_7/fake.mp4,fake.mp4,1237193,0,False,,,,,,,False,No audio stream found
/home/jovyan/MSC_PROJECT/data/avdeepfake1mpp/extracted/val/val/silent_videos/subject_27_7ynmerobzp_vid_2_7/real.mp4,silent_videos/subject_27_7ynmerobzp_vid_2_7/real.mp4,real.mp4,1893514,0,False,,,,,,,False,No audio stream found
/home/jovyan/MSC_PROJECT/data/avdeepfake1mpp/extracted/val/val/silent_videos/subject_27_7ynmerobzp_vid_1_34/real.mp4,silent_videos/subject_27_7ynmerobzp_vid_1_34/real.mp4,real.mp4,1912808,0,False,,,,,,,False,No audio stream found
/home/jovyan/MSC_PROJECT/data/avdeepfake1mpp/extracted/val/val/silent_videos/subject_2_thw33jke4j_vid_1_3/fake.mp4,silent_videos/subject_2_thw33jke4j_vid_1_3/fake.mp4,fake.mp4,1158606,0,False,,,,,,,False,No audio stream found
/home/jovyan/MSC_PROJECT/data/avdeepfake1mpp/extracted/val/val/silent_videos/subject_29_l43bqp43lo_vid_1_34/real.mp4,silent_videos/subject_29_l43bqp43lo_vid_1_34/real.mp4,real.mp4,3670646,0,False,,,,,,,False,No audio stream found
/home/jovyan/MSC_PROJECT/data/avdeepfake1mpp/extracted/val/val/silent_videos/subject_29_l43bqp43lo_vid_1_34/fake.mp4,silent_videos/subject_29_l43bqp43lo_vid_1_34/fake.mp4,fake.mp4,1226533,0,False,,,,,,,False,No audio stream found
/home/jovyan/MSC_PROJECT/data/avdeepfake1mpp/extracted/val/val/silent_videos/subject_29_l43bqp43lo_vid_0_17/real.mp4,silent_videos/subject_29_l43bqp43lo_vid_0_17/real.mp4,real.mp4,3743015,0,False,,,,,,,False,No audio stream found
/home/jovyan/MSC_PROJECT/data/avdeepfake1mpp/extracted/val/val/silent_videos/subject_2_thw33jke4j_vid_1_3/real.mp4,silent_videos/subject_2_thw33jke4j_vid_1_3/real.mp4,real.mp4,701407,0,False,,,,,,,False,No audio stream found
/home/jovyan/MSC_PROJECT/data/avdeepfake1mpp/extracted/val/val/silent_videos/subject_30_7ytx2foxy2_vid_0_4/real.mp4,silent_videos/subject_30_7ytx2foxy2_vid_0_4/real.mp4,real.mp4,1612387,0,False,,,,,,,False,No audio stream found
/home/jovyan/MSC_PROJECT/data/avdeepfake1mpp/extracted/val/val/silent_videos/subject_2_thw33jke4j_vid_2_27/real.mp4,silent_videos/subject_2_thw33jke4j_vid_2_27/real.mp4,real.mp4,747411,0,False,,,,,,,False,No audio stream found
/home/jovyan/MSC_PROJECT/data/avdeepfake1mpp/extracted/val/val/silent_videos/subject_2_thw33jke4j_vid_2_27/fake.mp4,silent_videos/subject_2_thw33jke4j_vid_2_27/fake.mp4,fake.mp4,1193454,0,False,,,,,,,False,No audio stream found
/home/jovyan/MSC_PROJECT/data/avdeepfake1mpp/extracted/val/val/silent_videos/subject_30_7ytx2foxy2_vid_0_4/fake.mp4,silent_videos/subject_30_7ytx2foxy2_vid_0_4/fake.mp4,fake.mp4,1182239,0,False,,,,,,,False,No audio stream found
/home/jovyan/MSC_PROJECT/data/avdeepfake1mpp/extracted/val/val/silent_videos/subject_30_7ytx2foxy2_vid_0_7/fake.mp4,silent_videos/subject_30_7ytx2foxy2_vid_0_7/fake.mp4,fake.mp4,1189320,0,False,,,,,,,False,No audio stream found
/home/jovyan/MSC_PROJECT/data/avdeepfake1mpp/extracted/val/val/silent_videos/subject_30_7ytx2foxy2_vid_1_16/fake.mp4,silent_videos/subject_30_7ytx2foxy2_vid_1_16/fake.mp4,fake.mp4,1202380,0,False,,,,,,,False,No audio stream found
/home/jovyan/MSC_PROJECT/data/avdeepfake1mpp/extracted/val/val/silent_videos/subject_30_7ytx2foxy2_vid_0_7/real.mp4,silent_videos/subject_30_7ytx2foxy2_vid_0_7/real.mp4,real.mp4,1583720,0,False,,,,,,,False,No audio stream found
/home/jovyan/MSC_PROJECT/data/avdeepfake1mpp/extracted/val/val/silent_videos/subject_31_fxtvw02y64_vid_1_33/fake.mp4,silent_videos/subject_31_fxtvw02y64_vid_1_33/fake.mp4,fake.mp4,1172780,0,False,,,,,,,False,No audio stream found
/home/jovyan/MSC_PROJECT/data/avdeepfake1mpp/extracted/val/val/silent_videos/subject_30_7ytx2foxy2_vid_1_30/fake.mp4,silent_videos/subject_30_7ytx2foxy2_vid_1_30/fake.mp4,fake.mp4,1201560,0,False,,,,,,,False,No audio stream found
/home/jovyan/MSC_PROJECT/data/avdeepfake1mpp/extracted/val/val/silent_videos/subject_31_fxtvw02y64_vid_1_33/real.mp4,silent_videos/subject_31_fxtvw02y64_vid_1_33/real.mp4,real.mp4,286125,0,False,,,,,,,False,No audio stream found
/home/jovyan/MSC_PROJECT/data/avdeepfake1mpp/extracted/val/val/silent_videos/subject_30_7ytx2foxy2_vid_1_16/real.mp4,silent_videos/subject_30_7ytx2foxy2_vid_1_16/real.mp4,real.mp4,1449207,0,False,,,,,,,False,No audio stream found
/home/jovyan/MSC_PROJECT/data/avdeepfake1mpp/extracted/val/val/silent_videos/subject_32_random5zmu2z1dqe_vid_0_20/fake.mp4,silent_videos/subject_32_random5zmu2z1dqe_vid_0_20/fake.mp4,fake.mp4,1180789,0,False,,,,,,,False,No audio stream found
/home/jovyan/MSC_PROJECT/data/avdeepfake1mpp/extracted/val/val/silent_videos/subject_30_7ytx2foxy2_vid_1_30/real.mp4,silent_videos/subject_30_7ytx2foxy2_vid_1_30/real.mp4,real.mp4,1472774,0,False,,,,,,,False,No audio stream found
/home/jovyan/MSC_PROJECT/data/avdeepfake1mpp/extracted/val/val/silent_videos/subject_32_random5zmu2z1dqe_vid_0_23/fake.mp4,silent_videos/subject_32_random5zmu2z1dqe_vid_0_23/fake.mp4,fake.mp4,1195026,0,False,,,,,,,False,No audio stream found
/home/jovyan/MSC_PROJECT/data/avdeepfake1mpp/extracted/val/val/silent_videos/subject_32_random5zmu2z1dqe_vid_0_20/real.mp4,silent_videos/subject_32_random5zmu2z1dqe_vid_0_20/real.mp4,real.mp4,1261804,0,False,,,,,,,False,No audio stream found
/home/jovyan/MSC_PROJECT/data/avdeepfake1mpp/extracted/val/val/silent_videos/subject_32_random5zmu2z1dqe_vid_0_23/real.mp4,silent_videos/subject_32_random5zmu2z1dqe_vid_0_23/real.mp4,real.mp4,1238036,0,False,,,,,,,False,No audio stream found
/home/jovyan/MSC_PROJECT/data/avdeepfake1mpp/extracted/val/val/silent_videos/subject_35_randomb2uwj533c0_vid_1_0/fake.mp4,silent_videos/subject_35_randomb2uwj533c0_vid_1_0/fake.mp4,fake.mp4,1242801,0,False,,,,,,,False,No audio stream found
/home/jovyan/MSC_PROJECT/data/avdeepfake1mpp/extracted/val/val/silent_videos/subject_35_randomb2uwj533c0_vid_1_24/fake.mp4,silent_videos/subject_35_randomb2uwj533c0_vid_1_24/fake.mp4,fake.mp4,1231343,0,False,,,,,,,False,No audio stream found
/home/jovyan/MSC_PROJECT/data/avdeepfake1mpp/extracted/val/val/silent_videos/subject_35_randomb2uwj533c0_vid_1_0/real.mp4,silent_videos/subject_35_randomb2uwj533c0_vid_1_0/real.mp4,real.mp4,976006,0,False,,,,,,,False,No audio stream found
/home/jovyan/MSC_PROJECT/data/avdeepfake1mpp/extracted/val/val/silent_videos/subject_35_randomb2uwj533c0_vid_1_24/real.mp4,silent_videos/subject_35_randomb2uwj533c0_vid_1_24/real.mp4,real.mp4,1018397,0,False,,,,,,,False,No audio stream found
/home/jovyan/MSC_PROJECT/data/avdeepfake1mpp/extracted/val/val/silent_videos/subject_35_randomb2uwj533c0_vid_1_26/fake.mp4,silent_videos/subject_35_randomb2uwj533c0_vid_1_26/fake.mp4,fake.mp4,1045265,0,False,,,,,,,False,No audio stream found
/home/jovyan/MSC_PROJECT/data/avdeepfake1mpp/extracted/val/val/silent_videos/subject_35_randomb2uwj533c0_vid_2_25/fake.mp4,silent_videos/subject_35_randomb2uwj533c0_vid_2_25/fake.mp4,fake.mp4,1184088,0,False,,,,,,,False,No audio stream found
/home/jovyan/MSC_PROJECT/data/avdeepfake1mpp/extracted/val/val/silent_videos/subject_35_randomb2uwj533c0_vid_1_26/real.mp4,silent_videos/subject_35_randomb2uwj533c0_vid_1_26/real.mp4,real.mp4,1001939,0,False,,,,,,,False,No audio stream found
/home/jovyan/MSC_PROJECT/data/avdeepfake1mpp/extracted/val/val/silent_videos/subject_35_randomb2uwj533c0_vid_2_25/real.mp4,silent_videos/subject_35_randomb2uwj533c0_vid_2_25/real.mp4,real.mp4,1161835,0,False,,,,,,,False,No audio stream found
/home/jovyan/MSC_PROJECT/data/avdeepfake1mpp/extracted/val/val/silent_videos/subject_37_random6k0syo0a0y_vid_0_0/fake.mp4,silent_videos/subject_37_random6k0syo0a0y_vid_0_0/fake.mp4,fake.mp4,1259499,0,False,,,,,,,False,No audio stream found
/home/jovyan/MSC_PROJECT/data/avdeepfake1mpp/extracted/val/val/silent_videos/subject_37_random6k0syo0a0y_vid_0_9/fake.mp4,silent_videos/subject_37_random6k0syo0a0y_vid_0_9/fake.mp4,fake.mp4,1164794,0,False,,,,,,,False,No audio stream found
/home/jovyan/MSC_PROJECT/data/avdeepfake1mpp/extracted/val/val/silent_videos/subject_37_random6k0syo0a0y_vid_0_0/real.mp4,silent_videos/subject_37_random6k0syo0a0y_vid_0_0/real.mp4,real.mp4,1417439,0,False,,,,,,,False,No audio stream found
/home/jovyan/MSC_PROJECT/data/avdeepfake1mpp/extracted/val/val/silent_videos/subject_39_n3400nou4m_vid_0_23/fake.mp4,silent_videos/subject_39_n3400nou4m_vid_0_23/fake.mp4,fake.mp4,1247615,0,False,,,,,,,False,No audio stream found
/home/jovyan/MSC_PROJECT/data/avdeepfake1mpp/extracted/val/val/silent_videos/subject_39_n3400nou4m_vid_0_23/real.mp4,silent_videos/subject_39_n3400nou4m_vid_0_23/real.mp4,real.mp4,1812683,0,False,,,,,,,False,No audio stream found
/home/jovyan/MSC_PROJECT/data/avdeepfake1mpp/extracted/val/val/silent_videos/subject_37_random6k0syo0a0y_vid_0_9/real.mp4,silent_videos/subject_37_random6k0syo0a0y_vid_0_9/real.mp4,real.mp4,1288741,0,False,,,,,,,False,No audio stream found
/home/jovyan/MSC_PROJECT/data/avdeepfake1mpp/extracted/val/val/silent_videos/subject_39_n3400nou4m_vid_0_29/fake.mp4,silent_videos/subject_39_n3400nou4m_vid_0_29/fake.mp4,fake.mp4,1258060,0,False,,,,,,,False,No audio stream found
/home/jovyan/MSC_PROJECT/data/avdeepfake1mpp/extracted/val/val/silent_videos/subject_39_n3400nou4m_vid_0_29/real.mp4,silent_videos/subject_39_n3400nou4m_vid_0_29/real.mp4,real.mp4,1827272,0,False,,,,,,,False,No audio stream found
/home/jovyan/MSC_PROJECT/data/avdeepfake1mpp/extracted/val/val/silent_videos/subject_39_n3400nou4m_vid_0_5/fake.mp4,silent_videos/subject_39_n3400nou4m_vid_0_5/fake.mp4,fake.mp4,1237481,0,False,,,,,,,False,No audio stream found
/home/jovyan/MSC_PROJECT/data/avdeepfake1mpp/extracted/val/val/silent_videos/subject_39_n3400nou4m_vid_0_57/fake.mp4,silent_videos/subject_39_n3400nou4m_vid_0_57/fake.mp4,fake.mp4,1270718,0,False,,,,,,,False,No audio stream found
/home/jovyan/MSC_PROJECT/data/avdeepfake1mpp/extracted/val/val/silent_videos/subject_39_n3400nou4m_vid_0_5/real.mp4,silent_videos/subject_39_n3400nou4m_vid_0_5/real.mp4,real.mp4,1750710,0,False,,,,,,,False,No audio stream found
/home/jovyan/MSC_PROJECT/data/avdeepfake1mpp/extracted/val/val/silent_videos/subject_39_n3400nou4m_vid_0_60/real.mp4,silent_videos/subject_39_n3400nou4m_vid_0_60/real.mp4,real.mp4,1821651,0,False,,,,,,,False,No audio stream found
/home/jovyan/MSC_PROJECT/data/avdeepfake1mpp/extracted/val/val/silent_videos/subject_39_n3400nou4m_vid_0_57/real.mp4,silent_videos/subject_39_n3400nou4m_vid_0_57/real.mp4,real.mp4,1873273,0,False,,,,,,,False,No audio stream found
/home/jovyan/MSC_PROJECT/data/avdeepfake1mpp/extracted/val/val/silent_videos/subject_39_n3400nou4m_vid_0_60/fake.mp4,silent_videos/subject_39_n3400nou4m_vid_0_60/fake.mp4,fake.mp4,1247809,0,False,,,,,,,False,No audio stream found
/home/jovyan/MSC_PROJECT/data/avdeepfake1mpp/extracted/val/val/silent_videos/subject_39_n3400nou4m_vid_1_17/fake.mp4,silent_videos/subject_39_n3400nou4m_vid_1_17/fake.mp4,fake.mp4,1251323,0,False,,,,,,,False,No audio stream found
/home/jovyan/MSC_PROJECT/data/avdeepfake1mpp/extracted/val/val/silent_videos/subject_39_n3400nou4m_vid_1_17/real.mp4,silent_videos/subject_39_n3400nou4m_vid_1_17/real.mp4,real.mp4,1714377,0,False,,,,,,,False,No audio stream found
/home/jovyan/MSC_PROJECT/data/avdeepfake1mpp/extracted/val/val/silent_videos/subject_39_n3400nou4m_vid_1_24/fake.mp4,silent_videos/subject_39_n3400nou4m_vid_1_24/fake.mp4,fake.mp4,1237443,0,False,,,,,,,False,No audio stream found
/home/jovyan/MSC_PROJECT/data/avdeepfake1mpp/extracted/val/val/silent_videos/subject_39_n3400nou4m_vid_1_3/fake.mp4,silent_videos/subject_39_n3400nou4m_vid_1_3/fake.mp4,fake.mp4,1291772,0,False,,,,,,,False,No audio stream found
/home/jovyan/MSC_PROJECT/data/avdeepfake1mpp/extracted/val/val/silent_videos/subject_39_n3400nou4m_vid_1_24/real.mp4,silent_videos/subject_39_n3400nou4m_vid_1_24/real.mp4,real.mp4,1650931,0,False,,,,,,,False,No audio stream found
/home/jovyan/MSC_PROJECT/data/avdeepfake1mpp/extracted/val/val/silent_videos/subject_39_n3400nou4m_vid_2_1/fake.mp4,silent_videos/subject_39_n3400nou4m_vid_2_1/fake.mp4,fake.mp4,1246155,0,False,,,,,,,False,No audio stream found
/home/jovyan/MSC_PROJECT/data/avdeepfake1mpp/extracted/val/val/silent_videos/subject_39_n3400nou4m_vid_2_1/real.mp4,silent_videos/subject_39_n3400nou4m_vid_2_1/real.mp4,real.mp4,1785405,0,False,,,,,,,False,No audio stream found
/home/jovyan/MSC_PROJECT/data/avdeepfake1mpp/extracted/val/val/silent_videos/subject_39_n3400nou4m_vid_1_3/real.mp4,silent_videos/subject_39_n3400nou4m_vid_1_3/real.mp4,real.mp4,1994185,0,False,,,,,,,False,No audio stream found
/home/jovyan/MSC_PROJECT/data/avdeepfake1mpp/extracted/val/val/silent_videos/subject_39_n3400nou4m_vid_2_12/fake.mp4,silent_videos/subject_39_n3400nou4m_vid_2_12/fake.mp4,fake.mp4,1276418,0,False,,,,,,,False,No audio stream found
/home/jovyan/MSC_PROJECT/data/avdeepfake1mpp/extracted/val/val/silent_videos/subject_39_n3400nou4m_vid_2_18/fake.mp4,silent_videos/subject_39_n3400nou4m_vid_2_18/fake.mp4,fake.mp4,1258425,0,False,,,,,,,False,No audio stream found
/home/jovyan/MSC_PROJECT/data/avdeepfake1mpp/extracted/val/val/silent_videos/subject_39_n3400nou4m_vid_2_12/real.mp4,silent_videos/subject_39_n3400nou4m_vid_2_12/real.mp4,real.mp4,1852820,0,False,,,,,,,False,No audio stream found
/home/jovyan/MSC_PROJECT/data/avdeepfake1mpp/extracted/val/val/silent_videos/subject_39_n3400nou4m_vid_2_18/real.mp4,silent_videos/subject_39_n3400nou4m_vid_2_18/real.mp4,real.mp4,1810752,0,False,,,,,,,False,No audio stream found
/home/jovyan/MSC_PROJECT/data/avdeepfake1mpp/extracted/val/val/silent_videos/subject_39_n3400nou4m_vid_2_19/fake.mp4,silent_videos/subject_39_n3400nou4m_vid_2_19/fake.mp4,fake.mp4,1240601,0,False,,,,,,,False,No audio stream found
/home/jovyan/MSC_PROJECT/data/avdeepfake1mpp/extracted/val/val/silent_videos/subject_39_n3400nou4m_vid_2_19/real.mp4,silent_videos/subject_39_n3400nou4m_vid_2_19/real.mp4,real.mp4,1753912,0,False,,,,,,,False,No audio stream found
/home/jovyan/MSC_PROJECT/data/avdeepfake1mpp/extracted/val/val/silent_videos/subject_3_btqwl6h4hq_vid_0_7/real.mp4,silent_videos/subject_3_btqwl6h4hq_vid_0_7/real.mp4,real.mp4,893355,0,False,,,,,,,False,No audio stream found
/home/jovyan/MSC_PROJECT/data/avdeepfake1mpp/extracted/val/val/silent_videos/subject_3_btqwl6h4hq_vid_0_7/fake.mp4,silent_videos/subject_3_btqwl6h4hq_vid_0_7/fake.mp4,fake.mp4,1146275,0,False,,,,,,,False,No audio stream found
/home/jovyan/MSC_PROJECT/data/avdeepfake1mpp/extracted/val/val/silent_videos/subject_3_btqwl6h4hq_vid_1_15/fake.mp4,silent_videos/subject_3_btqwl6h4hq_vid_1_15/fake.mp4,fake.mp4,1202672,0,False,,,,,,,False,No audio stream found
/home/jovyan/MSC_PROJECT/data/avdeepfake1mpp/extracted/val/val/silent_videos/subject_3_btqwl6h4hq_vid_1_15/real.mp4,silent_videos/subject_3_btqwl6h4hq_vid_1_15/real.mp4,real.mp4,985158,0,False,,,,,,,False,No audio stream found
