timestamp,cpu_percent,ram_used_gb,ram_total_gb,ram_percent,torch_gpu_allocated_gb,torch_gpu_reserved_gb,torch_gpu_max_allocated_gb,nvml_gpu_used_gb,nvml_gpu_total_gb,nvml_gpu_util_percent,nvml_gpu_mem_util_percent,gpu_temp_c,gpu_power_w,run_name,phase,epoch,batch_idx,batch_time_sec,running_loss
1783906971.1831434,7.0,25.853069305419922,1510.354694366455,2.4,0.5794668197631836,16.119140625,14.995590686798096,17.3349609375,80.0,0,0,40,71.062,visual_convnext_tiny_16frames_balanced20k,train,1,0,7.095787525177002,0.7364654541015625
1783906987.5225365,7.3,25.653560638427734,1510.354694366455,2.4,0.5789175033569336,16.123046875,15.211073875427246,17.3388671875,80.0,91,49,43,244.722,visual_convnext_tiny_16frames_balanced20k,train,1,10,0.2611367702484131,0.708313681862571
1783907008.9753048,7.3,25.561382293701172,1510.354694366455,2.4,0.5789175033569336,16.123046875,15.211073875427246,17.3388671875,80.0,73,35,44,249.555,visual_convnext_tiny_16frames_balanced20k,train,1,20,0.24046635627746582,0.6995308285667783
1783907030.6763122,7.2,25.659194946289062,1510.354694366455,2.4,0.5789175033569336,16.123046875,15.211073875427246,17.3388671875,80.0,82,41,44,87.067,visual_convnext_tiny_16frames_balanced20k,train,1,30,0.24359846115112305,0.699340081983997
1783907071.1838877,7.1,25.740612030029297,1510.354694366455,2.4,0.5789175033569336,16.123046875,15.211073875427246,17.3388671875,80.0,0,0,42,71.632,visual_convnext_tiny_16frames_balanced20k,train,1,40,0.2604560852050781,0.6979349648080221
1783907094.6196644,7.3,25.826614379882812,1510.354694366455,2.4,0.5789175033569336,16.123046875,15.211073875427246,17.3388671875,80.0,36,17,43,72.089,visual_convnext_tiny_16frames_balanced20k,train,1,50,0.26168370246887207,0.6926363776711857
1783907118.5842986,7.2,25.69800567626953,1510.354694366455,2.4,0.5789175033569336,16.123046875,15.211073875427246,17.3388671875,80.0,62,30,45,72.913,visual_convnext_tiny_16frames_balanced20k,train,1,60,0.2560553550720215,0.6890672777519852
1783907144.219107,7.1,25.81208038330078,1510.354694366455,2.4,0.5789175033569336,16.123046875,15.211073875427246,17.3388671875,80.0,85,44,46,219.319,visual_convnext_tiny_16frames_balanced20k,train,1,70,0.25545668601989746,0.6775065677266725
1783907183.3215957,7.1,25.851993560791016,1510.354694366455,2.4,0.5789175033569336,16.123046875,15.211073875427246,17.3388671875,80.0,83,46,45,240.259,visual_convnext_tiny_16frames_balanced20k,train,1,80,0.2576780319213867,0.667726139963409
1783907205.9764059,7.1,25.830570220947266,1510.354694366455,2.4,0.5789175033569336,16.123046875,15.211073875427246,17.3388671875,80.0,0,0,44,72.429,visual_convnext_tiny_16frames_balanced20k,train,1,90,0.2435314655303955,0.659092400100205
1783907229.7764878,7.1,25.787979125976562,1510.354694366455,2.4,0.5789175033569336,16.123046875,15.211073875427246,17.3388671875,80.0,0,0,45,73.52,visual_convnext_tiny_16frames_balanced20k,train,1,100,0.2475264072418213,0.6480514318636148
1783907251.8841338,7.1,25.680908203125,1510.354694366455,2.4,0.5789175033569336,16.123046875,15.211073875427246,17.3388671875,80.0,91,47,47,80.49,visual_convnext_tiny_16frames_balanced20k,train,1,110,0.25513148307800293,0.6396082714871243
1783907297.1782203,7.2,25.82004165649414,1510.354694366455,2.4,0.5789175033569336,16.123046875,15.211073875427246,17.3388671875,80.0,91,47,45,76.093,visual_convnext_tiny_16frames_balanced20k,train,1,120,0.24205350875854492,0.6226626703561831
1783907318.37639,7.1,25.923267364501953,1510.354694366455,2.4,0.5789175033569336,16.123046875,15.211073875427246,17.3388671875,80.0,0,0,45,72.815,visual_convnext_tiny_16frames_balanced20k,train,1,130,0.23845839500427246,0.5993011179771132
1783907343.0790405,7.1,25.73796844482422,1510.354694366455,2.4,0.5789175033569336,16.123046875,15.211073875427246,17.3388671875,80.0,96,50,47,75.996,visual_convnext_tiny_16frames_balanced20k,train,1,140,0.24351072311401367,0.5834001087127848
1783907364.1191823,7.1,25.692405700683594,1510.354694366455,2.4,0.5789175033569336,16.123046875,15.211073875427246,17.3388671875,80.0,80,37,47,96.275,visual_convnext_tiny_16frames_balanced20k,train,1,150,0.25533199310302734,0.5689163246494255
1783907403.681366,7.1,25.692035675048828,1510.354694366455,2.4,0.5789175033569336,16.123046875,15.211073875427246,17.3388671875,80.0,0,0,45,72.718,visual_convnext_tiny_16frames_balanced20k,train,1,160,0.29311203956604004,0.5510162929570452
1783907427.8839781,7.1,25.813373565673828,1510.354694366455,2.4,0.5789175033569336,16.123046875,15.211073875427246,17.3388671875,80.0,85,42,46,86.595,visual_convnext_tiny_16frames_balanced20k,train,1,170,0.29502296447753906,0.5371483458935866
1783907452.9186606,7.0,25.81014633178711,1510.354694366455,2.4,0.5789175033569336,16.123046875,15.211073875427246,17.3388671875,80.0,1,1,46,73.449,visual_convnext_tiny_16frames_balanced20k,train,1,180,0.2964038848876953,0.5215461351265565
1783907476.6186626,7.3,25.92193603515625,1510.354694366455,2.4,0.5789175033569336,16.123046875,15.211073875427246,17.3388671875,80.0,81,41,48,136.971,visual_convnext_tiny_16frames_balanced20k,train,1,190,0.25571417808532715,0.5059677081972517
1783907514.819195,7.1,25.70996856689453,1510.354694366455,2.4,0.5789175033569336,16.123046875,15.211073875427246,17.3388671875,80.0,53,26,46,76.377,visual_convnext_tiny_16frames_balanced20k,train,1,200,0.2589104175567627,0.4918342153008898
1783907541.4781325,7.1,25.747272491455078,1510.354694366455,2.4,0.5789175033569336,16.123046875,15.211073875427246,17.3388671875,80.0,93,49,47,74.812,visual_convnext_tiny_16frames_balanced20k,train,1,210,0.23908758163452148,0.4842471316174308
1783907565.1837685,7.1,25.73373794555664,1510.354694366455,2.4,0.5789175033569336,16.123046875,15.211073875427246,17.3388671875,80.0,81,41,46,73.851,visual_convnext_tiny_16frames_balanced20k,train,1,220,0.24525856971740723,0.47147945584350043
1783907587.0774887,7.0,25.693065643310547,1510.354694366455,2.4,0.5789175033569336,16.123046875,15.211073875427246,17.3388671875,80.0,64,32,48,77.377,visual_convnext_tiny_16frames_balanced20k,train,1,230,0.24243855476379395,0.4632452737652894
1783907628.0228612,7.0,25.682296752929688,1510.354694366455,2.4,0.5789175033569336,16.123046875,15.211073875427246,17.3388671875,80.0,0,0,45,72.913,visual_convnext_tiny_16frames_balanced20k,train,1,240,0.2580859661102295,0.4679395860347016
1783907649.119276,7.2,25.821590423583984,1510.354694366455,2.4,0.5789175033569336,16.123046875,15.211073875427246,17.3388671875,80.0,0,0,45,73.081,visual_convnext_tiny_16frames_balanced20k,train,1,250,0.255481481552124,0.4641841287572545
1783907670.721732,7.1,25.721511840820312,1510.354694366455,2.4,0.5789175033569336,16.123046875,15.211073875427246,17.3388671875,80.0,71,35,47,130.803,visual_convnext_tiny_16frames_balanced20k,train,1,260,0.25582313537597656,0.4567441749332965
1783907693.7195017,7.1,25.718521118164062,1510.354694366455,2.4,0.5789175033569336,16.123046875,15.211073875427246,17.3388671875,80.0,75,35,48,247.156,visual_convnext_tiny_16frames_balanced20k,train,1,270,0.25444769859313965,0.4485343487665222
1783907735.3195581,7.1,25.672771453857422,1510.354694366455,2.4,0.5789175033569336,16.123046875,15.211073875427246,17.3388671875,80.0,0,0,45,73.004,visual_convnext_tiny_16frames_balanced20k,train,1,280,0.2530856132507324,0.44097317858628954
1783907760.4786925,7.3,25.57876968383789,1510.354694366455,2.4,0.5789175033569336,16.123046875,15.211073875427246,17.3388671875,80.0,93,46,47,100.148,visual_convnext_tiny_16frames_balanced20k,train,1,290,0.2434988021850586,0.4325621042823054
1783907779.8197656,7.2,25.616947174072266,1510.354694366455,2.4,0.5789175033569336,16.123046875,15.211073875427246,17.3388671875,80.0,74,35,48,281.087,visual_convnext_tiny_16frames_balanced20k,train,1,300,0.2557373046875,0.42656281033524646
1783907806.0198176,7.2,25.693721771240234,1510.354694366455,2.4,0.5789175033569336,16.123046875,15.211073875427246,17.3408203125,80.0,94,49,48,84.451,visual_convnext_tiny_16frames_balanced20k,train,1,310,0.25476837158203125,0.4217006680810183
1783907847.1196754,7.0,25.735416412353516,1510.354694366455,2.4,0.5789175033569336,16.123046875,15.211073875427246,17.3408203125,80.0,0,0,45,73.051,visual_convnext_tiny_16frames_balanced20k,train,1,320,0.25545668601989746,0.42391399614443287
1783907868.4247785,7.1,25.689071655273438,1510.354694366455,2.4,0.5789175033569336,16.123046875,15.211073875427246,17.3408203125,80.0,82,45,48,215.324,visual_convnext_tiny_16frames_balanced20k,train,1,330,0.25899481773376465,0.41932396809049965
1783907889.3215315,7.2,25.714893341064453,1510.354694366455,2.4,0.5789175033569336,16.123046875,15.211073875427246,17.3408203125,80.0,0,0,46,73.345,visual_convnext_tiny_16frames_balanced20k,train,1,340,0.2557547092437744,0.4142045879031906
1783907914.4795747,7.0,25.576290130615234,1510.354694366455,2.4,0.5789175033569336,16.123046875,15.211073875427246,17.3408203125,80.0,85,44,47,78.891,visual_convnext_tiny_16frames_balanced20k,train,1,350,0.2479860782623291,0.4083861767226814
1783907955.8799806,7.0,25.626617431640625,1510.354694366455,2.4,0.5789175033569336,16.123046875,15.211073875427246,17.3408203125,80.0,69,35,46,73.774,visual_convnext_tiny_16frames_balanced20k,train,1,360,0.24405145645141602,0.4036867231378265
1783907977.9209044,7.1,25.715328216552734,1510.354694366455,2.4,0.5789175033569336,16.123046875,15.211073875427246,17.3408203125,80.0,77,37,47,242.797,visual_convnext_tiny_16frames_balanced20k,train,1,370,0.25548672676086426,0.3988915200262378
1783907999.7803106,7.0,25.73663330078125,1510.354694366455,2.4,0.5789175033569336,16.123046875,15.211073875427246,17.3408203125,80.0,1,1,46,73.422,visual_convnext_tiny_16frames_balanced20k,train,1,380,0.24327945709228516,0.39427914722697943
1783908028.5217507,7.1,25.717304229736328,1510.354694366455,2.4,0.5789175033569336,16.123046875,15.211073875427246,17.3408203125,80.0,75,38,46,167.838,visual_convnext_tiny_16frames_balanced20k,train,1,390,0.2600243091583252,0.39103891290819554
1783908059.0809648,7.3,25.812149047851562,1510.354694366455,2.4,0.5789175033569336,16.123046875,15.211073875427246,17.3408203125,80.0,0,0,45,73.057,visual_convnext_tiny_16frames_balanced20k,train,1,400,0.24809527397155762,0.38828277573026626
1783908081.1810443,7.0,25.717403411865234,1510.354694366455,2.4,0.5789175033569336,16.123046875,15.211073875427246,17.3408203125,80.0,52,26,46,73.753,visual_convnext_tiny_16frames_balanced20k,train,1,410,0.2429814338684082,0.3841129816216564
1783908102.5808637,7.2,25.81311798095703,1510.354694366455,2.4,0.5789175033569336,16.123046875,15.211073875427246,17.3408203125,80.0,0,0,46,73.498,visual_convnext_tiny_16frames_balanced20k,train,1,420,0.23998475074768066,0.38021418915933214
1783908130.520487,7.1,25.741893768310547,1510.354694366455,2.4,0.5789175033569336,16.123046875,15.211073875427246,17.3408203125,80.0,53,26,46,74.165,visual_convnext_tiny_16frames_balanced20k,train,1,430,0.2474050521850586,0.37731146511649866
1783908163.320297,7.2,25.815082550048828,1510.354694366455,2.4,0.5789175033569336,16.123046875,15.211073875427246,17.3408203125,80.0,62,31,46,77.169,visual_convnext_tiny_16frames_balanced20k,train,1,440,0.24255847930908203,0.3747749851336555
1783908183.0223675,7.1,25.830707550048828,1510.354694366455,2.4,0.5789175033569336,16.123046875,15.211073875427246,17.3408203125,80.0,58,29,46,73.824,visual_convnext_tiny_16frames_balanced20k,train,1,450,0.299055814743042,0.3720277402128719
1783908211.0820327,6.8,25.67379379272461,1510.354694366455,2.4,0.5789175033569336,16.123046875,15.211073875427246,17.3408203125,80.0,0,0,46,73.345,visual_convnext_tiny_16frames_balanced20k,train,1,460,0.24221229553222656,0.3697101299422682
1783908238.920263,6.9,25.612010955810547,1510.354694366455,2.4,0.5789175033569336,16.123046875,15.211073875427246,17.3408203125,80.0,68,35,46,73.747,visual_convnext_tiny_16frames_balanced20k,train,1,470,0.2474839687347412,0.36681224688919234
1783908267.9754286,7.0,25.801040649414062,1510.354694366455,2.4,0.5789175033569336,16.123046875,15.211073875427246,17.3408203125,80.0,88,46,46,115.217,visual_convnext_tiny_16frames_balanced20k,train,1,480,0.2581813335418701,0.3635606551988209
1783908289.8819227,7.0,25.585838317871094,1510.354694366455,2.4,0.5789175033569336,16.123046875,15.211073875427246,17.3408203125,80.0,81,42,47,113.338,visual_convnext_tiny_16frames_balanced20k,train,1,490,0.2433478832244873,0.3608217344537772
1783908318.1218596,7.1,25.617218017578125,1510.354694366455,2.4,0.5789175033569336,16.123046875,15.211073875427246,17.3408203125,80.0,0,0,46,73.351,visual_convnext_tiny_16frames_balanced20k,train,1,500,0.25475525856018066,0.3589663606233702
1783908350.5229797,6.9,25.59427261352539,1510.354694366455,2.4,0.5789175033569336,16.123046875,15.211073875427246,17.3408203125,80.0,89,46,45,73.058,visual_convnext_tiny_16frames_balanced20k,train,1,510,0.25933098793029785,0.35588958837573076
1783908370.8766055,6.9,25.67098617553711,1510.354694366455,2.4,0.5789175033569336,16.123046875,15.211073875427246,17.3408203125,80.0,0,0,46,73.401,visual_convnext_tiny_16frames_balanced20k,train,1,520,0.25549817085266113,0.35432010211207815
1783908390.72356,7.0,25.721004486083984,1510.354694366455,2.4,0.5789175033569336,16.123046875,15.211073875427246,17.3408203125,80.0,85,46,48,74.485,visual_convnext_tiny_16frames_balanced20k,train,1,530,0.25580906867980957,0.35218564193632645
1783908424.0212882,6.9,25.77422332763672,1510.354694366455,2.4,0.5789175033569336,16.123046875,15.211073875427246,17.3408203125,80.0,0,0,46,73.422,visual_convnext_tiny_16frames_balanced20k,train,1,540,0.24110126495361328,0.3491905531441438
1783908451.5838914,7.3,25.623332977294922,1510.354694366455,2.4,0.5789175033569336,16.123046875,15.211073875427246,17.3408203125,80.0,55,27,46,74.205,visual_convnext_tiny_16frames_balanced20k,train,1,550,0.24483180046081543,0.34675021687296037
1783908474.183063,7.1,25.767822265625,1510.354694366455,2.4,0.5789175033569336,16.123046875,15.211073875427246,17.3408203125,80.0,85,44,46,79.796,visual_convnext_tiny_16frames_balanced20k,train,1,560,0.24133062362670898,0.34437683810365394
1783908495.3840175,7.1,25.930843353271484,1510.354694366455,2.4,0.5789175033569336,16.123046875,15.211073875427246,17.3408203125,80.0,26,12,47,74.596,visual_convnext_tiny_16frames_balanced20k,train,1,570,0.24312949180603027,0.34230309358150446
1783908522.8831818,7.1,25.920108795166016,1510.354694366455,2.4,0.5789175033569336,16.123046875,15.211073875427246,17.3408203125,80.0,0,0,46,73.492,visual_convnext_tiny_16frames_balanced20k,train,1,580,0.24241900444030762,0.34077610602528624
1783908556.0748162,7.1,25.853641510009766,1510.354694366455,2.4,0.5789175033569336,16.123046875,15.211073875427246,17.3408203125,80.0,0,0,46,73.345,visual_convnext_tiny_16frames_balanced20k,train,1,590,0.2561330795288086,0.3390677758632779
1783908576.784331,6.9,25.722393035888672,1510.354694366455,2.4,0.5789175033569336,16.123046875,15.211073875427246,17.3408203125,80.0,0,0,46,73.178,visual_convnext_tiny_16frames_balanced20k,train,1,600,0.24757719039916992,0.33772601045903666
1783908598.7834306,6.8,25.72931671142578,1510.354694366455,2.4,0.5789175033569336,16.123046875,15.211073875427246,17.3408203125,80.0,0,0,46,73.401,visual_convnext_tiny_16frames_balanced20k,train,1,610,0.24298310279846191,0.33602146214139444
1783908631.4751916,7.0,25.771167755126953,1510.354694366455,2.4,0.5789175033569336,16.123046875,15.211073875427246,17.3408203125,80.0,50,24,46,73.546,visual_convnext_tiny_16frames_balanced20k,train,1,620,0.25326037406921387,0.33402591173487584
1783908664.4829211,6.9,25.635814666748047,1510.354694366455,2.4,0.5789175033569336,16.123046875,15.211073875427246,17.3408203125,80.0,47,23,46,82.616,visual_convnext_tiny_16frames_balanced20k,train,1,630,0.259807825088501,0.33237991983841414
1783908686.723915,7.4,25.780166625976562,1510.354694366455,2.4,0.5789175033569336,16.123046875,15.211073875427246,17.3408203125,80.0,82,41,47,75.215,visual_convnext_tiny_16frames_balanced20k,train,1,640,0.2596473693847656,0.33173776922424947
1783908709.719011,7.2,25.720314025878906,1510.354694366455,2.4,0.5789175033569336,16.123046875,15.211073875427246,17.3408203125,80.0,45,21,47,75.703,visual_convnext_tiny_16frames_balanced20k,train,1,650,0.24327468872070312,0.3303224883756147
1783908743.5753229,7.0,25.797733306884766,1510.354694366455,2.4,0.5789175033569336,16.123046875,15.211073875427246,17.3408203125,80.0,0,0,46,73.97,visual_convnext_tiny_16frames_balanced20k,train,1,660,0.2547433376312256,0.32903248859560974
1783908772.9186604,6.9,25.743724822998047,1510.354694366455,2.4,0.5789175033569336,16.123046875,15.211073875427246,17.3408203125,80.0,76,39,46,121.33,visual_convnext_tiny_16frames_balanced20k,train,1,670,0.23917460441589355,0.32749660743952863
1783908794.4253483,7.2,25.755836486816406,1510.354694366455,2.4,0.5789175033569336,16.123046875,15.211073875427246,17.3408203125,80.0,0,0,46,73.303,visual_convnext_tiny_16frames_balanced20k,train,1,680,0.25530171394348145,0.32526042895520135
1783908814.3844724,7.2,25.671611785888672,1510.354694366455,2.4,0.5789175033569336,16.123046875,15.211073875427246,17.3408203125,80.0,88,46,47,75.193,visual_convnext_tiny_16frames_balanced20k,train,1,690,0.24343204498291016,0.3235124579365278
1783908851.9257975,7.1,25.568275451660156,1510.354694366455,2.4,0.5789175033569336,16.123046875,15.211073875427246,17.3408203125,80.0,67,34,46,74.144,visual_convnext_tiny_16frames_balanced20k,train,1,700,0.2546358108520508,0.3216541509187851
1783908876.275959,7.2,25.72238540649414,1510.354694366455,2.4,0.5789175033569336,16.123046875,15.211073875427246,17.3408203125,80.0,51,25,46,74.539,visual_convnext_tiny_16frames_balanced20k,train,1,710,0.2575383186340332,0.3201161271849262
1783908900.97685,7.1,25.681663513183594,1510.354694366455,2.4,0.5789175033569336,16.123046875,15.211073875427246,17.3408203125,80.0,81,41,47,92.812,visual_convnext_tiny_16frames_balanced20k,train,1,720,0.256305456161499,0.3196226487481313
1783908922.075298,7.0,25.79291534423828,1510.354694366455,2.4,0.5789175033569336,16.123046875,15.211073875427246,17.3408203125,80.0,0,0,46,73.401,visual_convnext_tiny_16frames_balanced20k,train,1,730,0.2555878162384033,0.3186307543259313
1783908959.8188078,7.2,25.920623779296875,1510.354694366455,2.4,0.5789175033569336,16.123046875,15.211073875427246,17.3408203125,80.0,62,31,46,75.215,visual_convnext_tiny_16frames_balanced20k,train,1,740,0.2464594841003418,0.31689935688346665
1783908983.8203146,7.1,25.835205078125,1510.354694366455,2.4,0.5789175033569336,16.123046875,15.211073875427246,17.3408203125,80.0,89,47,46,73.715,visual_convnext_tiny_16frames_balanced20k,train,1,750,0.24284148216247559,0.3158550385569288
1783909007.6235957,7.2,25.75939178466797,1510.354694366455,2.4,0.5789175033569336,16.123046875,15.211073875427246,17.3408203125,80.0,90,46,47,76.073,visual_convnext_tiny_16frames_balanced20k,train,1,760,0.24758338928222656,0.3145654559155018
1783909028.274798,7.1,25.808284759521484,1510.354694366455,2.4,0.5789175033569336,16.123046875,15.211073875427246,17.3408203125,80.0,0,0,46,73.498,visual_convnext_tiny_16frames_balanced20k,train,1,770,0.2551460266113281,0.3131914351488211
1783909068.5856502,7.1,25.574302673339844,1510.354694366455,2.4,0.5789175033569336,16.123046875,15.211073875427246,17.3408203125,80.0,80,39,46,95.023,visual_convnext_tiny_16frames_balanced20k,train,1,780,0.24334096908569336,0.3112968135238762
1783909091.678214,7.3,25.547740936279297,1510.354694366455,2.4,0.5789175033569336,16.123046875,15.211073875427246,17.3408203125,80.0,83,43,46,73.351,visual_convnext_tiny_16frames_balanced20k,train,1,790,0.29367756843566895,0.3105306598709899
1783909114.418753,7.2,25.723247528076172,1510.354694366455,2.4,0.5789175033569336,16.123046875,15.211073875427246,17.3408203125,80.0,94,50,47,73.949,visual_convnext_tiny_16frames_balanced20k,train,1,800,0.24326086044311523,0.30962932146109
1783909134.0193348,7.1,25.848251342773438,1510.354694366455,2.4,0.5789175033569336,16.123046875,15.211073875427246,17.3408203125,80.0,0,0,46,73.52,visual_convnext_tiny_16frames_balanced20k,train,1,810,0.2433464527130127,0.30821055398953096
1783909170.3202877,7.2,25.894866943359375,1510.354694366455,2.4,0.5789175033569336,16.123046875,15.211073875427246,17.3408203125,80.0,0,0,46,73.178,visual_convnext_tiny_16frames_balanced20k,train,1,820,0.24777603149414062,0.30719218345928423
1783909198.722135,7.1,25.832988739013672,1510.354694366455,2.4,0.5789175033569336,16.123046875,15.211073875427246,17.3408203125,80.0,17,7,45,73.176,visual_convnext_tiny_16frames_balanced20k,train,1,830,0.29012036323547363,0.3057953961435638
1783909216.5760856,7.1,25.870441436767578,1510.354694366455,2.4,0.5789175033569336,16.123046875,15.211073875427246,17.3408203125,80.0,84,44,47,75.117,visual_convnext_tiny_16frames_balanced20k,train,1,840,0.2555356025695801,0.3053931213658431
1783909238.177189,7.2,25.853992462158203,1510.354694366455,2.5,0.5789175033569336,16.123046875,15.211073875427246,17.3408203125,80.0,86,46,47,74.41,visual_convnext_tiny_16frames_balanced20k,train,1,850,0.25522470474243164,0.31257560951624297
1783909277.4872046,7.1,25.63634490966797,1510.354694366455,2.4,0.5789175033569336,16.123046875,15.211073875427246,17.3408203125,80.0,73,37,47,73.845,visual_convnext_tiny_16frames_balanced20k,train,1,860,0.24173426628112793,0.3171979460030206
1783909288.0838335,7.2,25.859535217285156,1510.354694366455,2.4,0.5789175033569336,16.123046875,15.211073875427246,17.3408203125,80.0,99,48,50,115.973,visual_convnext_tiny_16frames_balanced20k,train,1,870,0.21999430656433105,0.32151331294041413
1783909360.4191542,7.1,27.361419677734375,1510.354694366455,2.5,0.5789179801940918,16.123046875,15.211073875427246,17.3408203125,80.0,0,0,44,72.459,visual_convnext_tiny_16frames_balanced20k,Validation epoch 1/3,1,0,0.09349942207336426,0.6398391723632812
1783909384.726152,7.1,27.256595611572266,1510.354694366455,2.5,0.5789179801940918,16.123046875,15.211073875427246,17.3408203125,80.0,32,14,46,231.968,visual_convnext_tiny_16frames_balanced20k,Validation epoch 1/3,1,10,0.08918356895446777,0.647401983087713
1783909411.3779666,7.0,27.27489471435547,1510.354694366455,2.5,0.5789179801940918,16.123046875,15.211073875427246,17.3408203125,80.0,0,0,45,281.342,visual_convnext_tiny_16frames_balanced20k,Validation epoch 1/3,1,20,0.04463362693786621,0.6506227765764508
1783909434.222282,7.1,27.1143798828125,1510.354694366455,2.5,0.5789179801940918,16.123046875,15.211073875427246,17.3408203125,80.0,76,35,47,283.037,visual_convnext_tiny_16frames_balanced20k,Validation epoch 1/3,1,30,0.006847381591796875,0.6499173564295615
1783909465.822235,7.1,27.158023834228516,1510.354694366455,2.5,0.5789179801940918,16.123046875,15.211073875427246,17.3408203125,80.0,35,16,45,264.176,visual_convnext_tiny_16frames_balanced20k,Validation epoch 1/3,1,40,0.0072574615478515625,0.6483488315489234
1783909500.9226055,7.0,27.190784454345703,1510.354694366455,2.5,0.5789179801940918,16.123046875,15.211073875427246,17.3408203125,80.0,0,0,45,314.346,visual_convnext_tiny_16frames_balanced20k,Validation epoch 1/3,1,50,0.007238149642944336,0.6487426009832644
1783909524.9229305,7.4,27.238143920898438,1510.354694366455,2.5,0.5789179801940918,16.123046875,15.211073875427246,17.3408203125,80.0,0,0,43,72.785,visual_convnext_tiny_16frames_balanced20k,Validation epoch 1/3,1,60,0.00687408447265625,0.6487333579141585
1783909551.8245926,7.2,27.384868621826172,1510.354694366455,2.5,0.5789179801940918,16.123046875,15.211073875427246,17.3408203125,80.0,37,18,43,71.965,visual_convnext_tiny_16frames_balanced20k,Validation epoch 1/3,1,70,0.00997781753540039,0.6499452725262709
1783909583.623462,7.1,27.542709350585938,1510.354694366455,2.6,0.5789179801940918,16.123046875,15.211073875427246,17.3408203125,80.0,0,0,45,326.623,visual_convnext_tiny_16frames_balanced20k,Validation epoch 1/3,1,80,0.0522923469543457,0.6490035351411796
1783909614.1230092,7.2,27.12490463256836,1510.354694366455,2.5,0.5789179801940918,16.123046875,15.211073875427246,17.3408203125,80.0,0,0,42,71.776,visual_convnext_tiny_16frames_balanced20k,Validation epoch 1/3,1,90,0.009558677673339844,0.6469975146618518
1783909636.923427,7.1,27.341358184814453,1510.354694366455,2.5,0.5789179801940918,16.123046875,15.211073875427246,17.3408203125,80.0,77,36,45,87.275,visual_convnext_tiny_16frames_balanced20k,Validation epoch 1/3,1,100,0.00669550895690918,0.6471611627257696
1783909669.1187973,7.1,27.270099639892578,1510.354694366455,2.5,0.5789179801940918,16.123046875,15.211073875427246,17.3408203125,80.0,12,7,42,72.386,visual_convnext_tiny_16frames_balanced20k,Validation epoch 1/3,1,110,0.05082511901855469,0.646647444716445
1783909697.3259904,7.0,27.446449279785156,1510.354694366455,2.5,0.5789179801940918,16.123046875,15.211073875427246,17.3408203125,80.0,38,18,42,69.943,visual_convnext_tiny_16frames_balanced20k,Validation epoch 1/3,1,120,0.052824974060058594,0.6460880563278829
1783909726.41953,7.1,27.412364959716797,1510.354694366455,2.5,0.5789179801940918,16.123046875,15.211073875427246,17.3408203125,80.0,0,0,42,72.218,visual_convnext_tiny_16frames_balanced20k,Validation epoch 1/3,1,130,0.04975771903991699,0.6448972862185413
1783909760.3199341,7.1,27.330219268798828,1510.354694366455,2.5,0.5789179801940918,16.123046875,15.211073875427246,17.3408203125,80.0,0,0,42,71.574,visual_convnext_tiny_16frames_balanced20k,Validation epoch 1/3,1,140,0.04657912254333496,0.6448239265604222
1783909785.8246043,7.2,27.317787170410156,1510.354694366455,2.6,0.5789179801940918,16.123046875,15.211073875427246,17.3408203125,80.0,58,25,45,299.63,visual_convnext_tiny_16frames_balanced20k,Validation epoch 1/3,1,150,0.007442951202392578,0.6448249059007657
1783909811.5250406,7.2,27.371337890625,1510.354694366455,2.5,0.5789179801940918,16.123046875,15.211073875427246,17.3408203125,80.0,76,35,44,149.372,visual_convnext_tiny_16frames_balanced20k,Validation epoch 1/3,1,160,0.007035017013549805,0.6447408451056629
1783909840.5201585,7.1,27.388954162597656,1510.354694366455,2.5,0.5789179801940918,16.123046875,15.211073875427246,17.3408203125,80.0,0,0,42,72.17,visual_convnext_tiny_16frames_balanced20k,Validation epoch 1/3,1,170,0.047430992126464844,0.6453355488024259
1783909870.877811,7.2,27.40642547607422,1510.354694366455,2.5,0.5789179801940918,16.123046875,15.211073875427246,17.3408203125,80.0,0,0,43,70.456,visual_convnext_tiny_16frames_balanced20k,Validation epoch 1/3,1,180,0.08535122871398926,0.6450715038657847
1783909941.7211864,7.1,27.628257751464844,1510.354694366455,2.6,0.5789175033569336,16.123046875,15.211073875427246,17.3408203125,80.0,0,0,41,71.301,visual_convnext_tiny_16frames_balanced20k,train,2,0,0.3487277030944824,0.6619873046875
1783909966.1214907,7.2,27.48514175415039,1510.354694366455,2.5,0.5789175033569336,16.123046875,15.211073875427246,17.3408203125,80.0,89,46,43,71.16,visual_convnext_tiny_16frames_balanced20k,train,2,10,0.2599830627441406,0.6528237082741477
1783909987.9222724,7.1,27.53095245361328,1510.354694366455,2.6,0.5789175033569336,16.123046875,15.211073875427246,17.3408203125,80.0,26,12,43,72.46,visual_convnext_tiny_16frames_balanced20k,train,2,20,0.29927515983581543,0.6144376482282367
1783910009.4220757,7.0,27.384967803955078,1510.354694366455,2.5,0.5789175033569336,16.123046875,15.211073875427246,17.3408203125,80.0,100,51,45,84.953,visual_convnext_tiny_16frames_balanced20k,train,2,30,0.260528564453125,0.5421887367002426
1783910046.5232842,7.2,27.24359130859375,1510.354694366455,2.5,0.5789175033569336,16.123046875,15.211073875427246,17.3408203125,80.0,52,26,45,80.783,visual_convnext_tiny_16frames_balanced20k,train,2,40,0.29549264907836914,0.46500452335287884
1783910069.327813,7.0,27.621097564697266,1510.354694366455,2.6,0.5789175033569336,16.123046875,15.211073875427246,17.3408203125,80.0,94,49,46,223.959,visual_convnext_tiny_16frames_balanced20k,train,2,50,0.2929704189300537,0.4139887658404369
1783910090.5223403,7.1,27.51293182373047,1510.354694366455,2.6,0.5789175033569336,16.123046875,15.211073875427246,17.3408203125,80.0,96,49,45,73.051,visual_convnext_tiny_16frames_balanced20k,train,2,60,0.26091790199279785,0.3953849133409438
1783910114.222314,7.2,27.5010986328125,1510.354694366455,2.6,0.5789175033569336,16.123046875,15.211073875427246,17.3408203125,80.0,1,1,45,73.205,visual_convnext_tiny_16frames_balanced20k,train,2,70,0.2606515884399414,0.40720042229538234
1783910151.5197544,7.1,27.46991729736328,1510.354694366455,2.5,0.5789175033569336,16.123046875,15.211073875427246,17.3408203125,80.0,82,42,45,94.787,visual_convnext_tiny_16frames_balanced20k,train,2,80,0.2976381778717041,0.393789160122842
1783910170.526139,7.1,27.470687866210938,1510.354694366455,2.5,0.5789175033569336,16.123046875,15.211073875427246,17.3408203125,80.0,1,0,45,73.108,visual_convnext_tiny_16frames_balanced20k,train,2,90,0.30179286003112793,0.3906069862154814
1783910192.1266575,7.1,27.397438049316406,1510.354694366455,2.5,0.5789175033569336,16.123046875,15.211073875427246,17.3408203125,80.0,100,52,46,75.8,visual_convnext_tiny_16frames_balanced20k,train,2,100,0.29907774925231934,0.3929416819816769
1783910213.7236998,7.2,27.544818878173828,1510.354694366455,2.6,0.5789175033569336,16.123046875,15.211073875427246,17.3408203125,80.0,0,0,46,73.198,visual_convnext_tiny_16frames_balanced20k,train,2,110,0.300168514251709,0.3776710264988848
1783910251.1220458,7.0,27.47568130493164,1510.354694366455,2.6,0.5789175033569336,16.123046875,15.211073875427246,17.3408203125,80.0,79,40,46,88.581,visual_convnext_tiny_16frames_balanced20k,train,2,120,0.25899362564086914,0.36669707051978623
1783910274.0272167,7.1,27.48635482788086,1510.354694366455,2.5,0.5789175033569336,16.123046875,15.211073875427246,17.3408203125,80.0,15,7,45,73.198,visual_convnext_tiny_16frames_balanced20k,train,2,130,0.25427889823913574,0.360820786188577
1783910293.7232268,7.0,27.485088348388672,1510.354694366455,2.5,0.5789175033569336,16.123046875,15.211073875427246,17.3408203125,80.0,0,0,46,73.275,visual_convnext_tiny_16frames_balanced20k,train,2,140,0.26010656356811523,0.35181545688116805
1783910317.5259624,7.1,27.385337829589844,1510.354694366455,2.5,0.5789175033569336,16.123046875,15.211073875427246,17.3408203125,80.0,21,9,46,73.596,visual_convnext_tiny_16frames_balanced20k,train,2,150,0.29967284202575684,0.34373171775546296
1783910351.426266,7.1,27.44094467163086,1510.354694366455,2.5,0.5789175033569336,16.123046875,15.211073875427246,17.3408203125,80.0,0,0,46,73.324,visual_convnext_tiny_16frames_balanced20k,train,2,160,0.25883960723876953,0.3360567161848086
1783910379.3294044,7.2,27.464946746826172,1510.354694366455,2.5,0.5789175033569336,16.123046875,15.211073875427246,17.3408203125,80.0,57,28,46,73.54,visual_convnext_tiny_16frames_balanced20k,train,2,170,0.3945753574371338,0.3282886209805109
1783910402.0272772,7.1,27.484264373779297,1510.354694366455,2.5,0.5789175033569336,16.123046875,15.211073875427246,17.3408203125,80.0,96,49,47,74.888,visual_convnext_tiny_16frames_balanced20k,train,2,180,0.25995373725891113,0.32203353286942066
1783910433.1271691,7.2,27.438732147216797,1510.354694366455,2.6,0.5789175033569336,16.123046875,15.211073875427246,17.3408203125,80.0,70,35,47,76.462,visual_convnext_tiny_16frames_balanced20k,train,2,190,0.2985517978668213,0.3167877036941613
1783910463.9242144,7.2,27.606231689453125,1510.354694366455,2.6,0.5789175033569336,16.123046875,15.211073875427246,17.3408203125,80.0,0,0,45,73.108,visual_convnext_tiny_16frames_balanced20k,train,2,200,0.25371861457824707,0.3121917943530415
1783910491.429116,7.2,27.575035095214844,1510.354694366455,2.6,0.5789175033569336,16.123046875,15.211073875427246,17.3408203125,80.0,0,0,45,73.108,visual_convnext_tiny_16frames_balanced20k,train,2,210,0.2607557773590088,0.3103895784483702
1783910516.2782753,7.1,27.540523529052734,1510.354694366455,2.6,0.5789175033569336,16.123046875,15.211073875427246,17.3408203125,80.0,88,47,46,199.358,visual_convnext_tiny_16frames_balanced20k,train,2,220,0.2511322498321533,0.30755589207912465
1783910545.7257383,7.1,27.404430389404297,1510.354694366455,2.5,0.5789175033569336,16.123046875,15.211073875427246,17.3408203125,80.0,40,19,46,79.485,visual_convnext_tiny_16frames_balanced20k,train,2,230,0.3006589412689209,0.30500205067587105
1783910571.826244,7.0,27.537494659423828,1510.354694366455,2.6,0.5789175033569336,16.123046875,15.211073875427246,17.3408203125,80.0,100,52,46,74.145,visual_convnext_tiny_16frames_balanced20k,train,2,240,0.2583127021789551,0.30182264998740677
1783910605.0257316,6.1,27.666976928710938,1510.354694366455,2.6,0.5789175033569336,16.123046875,15.211073875427246,17.3408203125,80.0,13,6,46,73.588,visual_convnext_tiny_16frames_balanced20k,train,2,250,0.2593810558319092,0.2963653125195389
1783910626.22488,3.9,27.572723388671875,1510.354694366455,2.6,0.5789175033569336,16.123046875,15.211073875427246,17.3408203125,80.0,0,0,46,73.178,visual_convnext_tiny_16frames_balanced20k,train,2,260,0.25929808616638184,0.2926490962847896
1783910666.3316085,3.9,27.472511291503906,1510.354694366455,2.5,0.5789175033569336,16.123046875,15.211073875427246,17.3408203125,80.0,0,0,45,72.885,visual_convnext_tiny_16frames_balanced20k,train,2,270,0.2971019744873047,0.2900788708971435
1783910688.125249,3.9,27.527175903320312,1510.354694366455,2.6,0.5789175033569336,16.123046875,15.211073875427246,17.3408203125,80.0,4,2,46,73.255,visual_convnext_tiny_16frames_balanced20k,train,2,280,0.26005125045776367,0.28731967164104094
1783910713.5249488,3.9,27.30597686767578,1510.354694366455,2.5,0.5789175033569336,16.123046875,15.211073875427246,17.3408203125,80.0,94,47,47,250.999,visual_convnext_tiny_16frames_balanced20k,train,2,290,0.2528495788574219,0.2851211894111535
1783910735.1766648,3.9,27.55108642578125,1510.354694366455,2.6,0.5789175033569336,16.123046875,15.211073875427246,17.3408203125,80.0,0,0,46,73.296,visual_convnext_tiny_16frames_balanced20k,train,2,300,0.24538779258728027,0.28285947189576605
1783910777.5314875,3.9,27.647762298583984,1510.354694366455,2.6,0.5789175033569336,16.123046875,15.211073875427246,17.3408203125,80.0,49,24,45,84.493,visual_convnext_tiny_16frames_balanced20k,train,2,310,0.296175479888916,0.2803451767927964
1783910798.9773571,3.9,27.531982421875,1510.354694366455,2.6,0.5789175033569336,16.123046875,15.211073875427246,17.3408203125,80.0,0,0,45,72.963,visual_convnext_tiny_16frames_balanced20k,train,2,320,0.24575591087341309,0.27895890870291123
1783910819.1264412,3.9,27.590259552001953,1510.354694366455,2.6,0.5789175033569336,16.123046875,15.211073875427246,17.3408203125,80.0,77,39,46,132.108,visual_convnext_tiny_16frames_balanced20k,train,2,330,0.25007128715515137,0.27820930386868126
1783910841.8268101,3.9,27.439651489257812,1510.354694366455,2.5,0.5789175033569336,16.123046875,15.211073875427246,17.3408203125,80.0,0,0,46,73.352,visual_convnext_tiny_16frames_balanced20k,train,2,340,0.25223541259765625,0.2764088278991386
1783910879.5764985,3.9,27.44561767578125,1510.354694366455,2.5,0.5789175033569336,16.123046875,15.211073875427246,17.3408203125,80.0,77,39,46,89.407,visual_convnext_tiny_16frames_balanced20k,train,2,350,0.2474374771118164,0.27423295204625847
1783910902.4753752,3.9,27.68341827392578,1510.354694366455,2.6,0.5789175033569336,16.123046875,15.211073875427246,17.3408203125,80.0,20,9,46,73.609,visual_convnext_tiny_16frames_balanced20k,train,2,360,0.295712947845459,0.2708804150449933
1783910925.5303104,3.9,27.511371612548828,1510.354694366455,2.6,0.5789175033569336,16.123046875,15.211073875427246,17.3408203125,80.0,1,1,46,73.471,visual_convnext_tiny_16frames_balanced20k,train,2,370,0.26036524772644043,0.26969821136595423
1783910947.376903,3.9,27.478008270263672,1510.354694366455,2.5,0.5789175033569336,16.123046875,15.211073875427246,17.3408203125,80.0,66,31,47,77.393,visual_convnext_tiny_16frames_balanced20k,train,2,380,0.2442002296447754,0.2686378201200893
1783910992.527269,3.9,27.45009994506836,1510.354694366455,2.5,0.5789175033569336,16.123046875,15.211073875427246,17.3408203125,80.0,1,1,45,73.057,visual_convnext_tiny_16frames_balanced20k,train,2,390,0.25885796546936035,0.26559699734534753
1783911017.7256896,3.9,27.573989868164062,1510.354694366455,2.6,0.5789175033569336,16.123046875,15.211073875427246,17.3408203125,80.0,15,7,46,73.499,visual_convnext_tiny_16frames_balanced20k,train,2,400,0.2602252960205078,0.26409032164220503
1783911040.3191273,3.9,27.34412384033203,1510.354694366455,2.5,0.5789175033569336,16.123046875,15.211073875427246,17.3408203125,80.0,72,37,47,87.892,visual_convnext_tiny_16frames_balanced20k,train,2,410,0.24484014511108398,0.2631103160571298
1783911063.7280717,3.9,27.477577209472656,1510.354694366455,2.5,0.5789175033569336,16.123046875,15.211073875427246,17.3408203125,80.0,73,37,47,83.261,visual_convnext_tiny_16frames_balanced20k,train,2,420,0.2561938762664795,0.2610355140973157
1783911102.1186507,3.9,27.440643310546875,1510.354694366455,2.5,0.5789175033569336,16.123046875,15.211073875427246,17.3408203125,80.0,48,23,46,73.678,visual_convnext_tiny_16frames_balanced20k,train,2,430,0.2936582565307617,0.2605775715026944
1783911124.8190575,4.0,27.581256866455078,1510.354694366455,2.6,0.5789175033569336,16.123046875,15.211073875427246,17.3408203125,80.0,77,39,47,76.296,visual_convnext_tiny_16frames_balanced20k,train,2,440,0.24591898918151855,0.2595018685674992
1783911149.3278656,3.9,27.697307586669922,1510.354694366455,2.6,0.5789175033569336,16.123046875,15.211073875427246,17.3408203125,80.0,98,49,47,74.791,visual_convnext_tiny_16frames_balanced20k,train,2,450,0.2531397342681885,0.2582289320963978
1783911171.2277703,3.8,27.622085571289062,1510.354694366455,2.6,0.5789175033569336,16.123046875,15.211073875427246,17.3408203125,80.0,0,0,46,73.373,visual_convnext_tiny_16frames_balanced20k,train,2,460,0.259845495223999,0.25678729259463556
1783911212.7765791,3.8,27.525897979736328,1510.354694366455,2.6,0.5789175033569336,16.123046875,15.211073875427246,17.3408203125,80.0,0,0,45,72.954,visual_convnext_tiny_16frames_balanced20k,train,2,470,0.2922019958496094,0.2545465788548919
1783911239.0281131,3.9,27.245773315429688,1510.354694366455,2.5,0.5789175033569336,16.123046875,15.211073875427246,17.3408203125,80.0,7,3,45,73.108,visual_convnext_tiny_16frames_balanced20k,train,2,480,0.25458216667175293,0.25307139588554783
1783911258.2287834,4.0,27.434803009033203,1510.354694366455,2.5,0.5789175033569336,16.123046875,15.211073875427246,17.3408203125,80.0,0,0,46,73.276,visual_convnext_tiny_16frames_balanced20k,train,2,490,0.25525331497192383,0.25270016089294206
1783911281.3186786,3.8,27.378856658935547,1510.354694366455,2.5,0.5789175033569336,16.123046875,15.211073875427246,17.3408203125,80.0,87,46,47,144.4,visual_convnext_tiny_16frames_balanced20k,train,2,500,0.24586868286132812,0.25163568132473324
1783911323.0308576,3.8,27.386348724365234,1510.354694366455,2.5,0.5789175033569336,16.123046875,15.211073875427246,17.3408203125,80.0,70,35,46,159.158,visual_convnext_tiny_16frames_balanced20k,train,2,510,0.2903439998626709,0.25099016255070317
1783911347.7784836,4.1,27.209571838378906,1510.354694366455,2.5,0.5789175033569336,16.123046875,15.211073875427246,17.3408203125,80.0,0,0,45,73.178,visual_convnext_tiny_16frames_balanced20k,train,2,520,0.24433588981628418,0.2501578088456518
1783911369.7297168,4.2,27.29046630859375,1510.354694366455,2.5,0.5789175033569336,16.123046875,15.211073875427246,17.3408203125,80.0,66,34,47,102.027,visual_convnext_tiny_16frames_balanced20k,train,2,530,0.2542111873626709,0.24915235331054011
1783911391.8197484,4.0,27.43042755126953,1510.354694366455,2.5,0.5789175033569336,16.123046875,15.211073875427246,17.3408203125,80.0,75,38,47,74.263,visual_convnext_tiny_16frames_balanced20k,train,2,540,0.24520230293273926,0.24854009328564963
1783911432.9766717,3.9,27.46832275390625,1510.354694366455,2.5,0.5789175033569336,16.123046875,15.211073875427246,17.3408203125,80.0,63,32,45,72.288,visual_convnext_tiny_16frames_balanced20k,train,2,550,0.29792094230651855,0.2474791758479094
1783911457.629216,3.9,27.408504486083984,1510.354694366455,2.5,0.5789175033569336,16.123046875,15.211073875427246,17.3408203125,80.0,0,0,45,72.913,visual_convnext_tiny_16frames_balanced20k,train,2,560,0.2528965473175049,0.2465725060080887
1783911481.5298011,3.8,27.46147918701172,1510.354694366455,2.5,0.5789175033569336,16.123046875,15.211073875427246,17.3408203125,80.0,0,0,45,73.057,visual_convnext_tiny_16frames_balanced20k,train,2,570,0.25295281410217285,0.2454480011335814
1783911502.5305817,3.9,27.459514617919922,1510.354694366455,2.6,0.5789175033569336,16.123046875,15.211073875427246,17.3408203125,80.0,65,33,47,90.615,visual_convnext_tiny_16frames_balanced20k,train,2,580,0.25964903831481934,0.2445671464125794
1783911533.1201935,3.9,27.559497833251953,1510.354694366455,2.6,0.5789175033569336,16.123046875,15.211073875427246,17.3408203125,80.0,27,12,46,73.471,visual_convnext_tiny_16frames_balanced20k,train,2,590,0.25757884979248047,0.24365132423070482
1783911567.3270156,3.9,27.626441955566406,1510.354694366455,2.6,0.5789175033569336,16.123046875,15.211073875427246,17.3408203125,80.0,68,34,45,73.205,visual_convnext_tiny_16frames_balanced20k,train,2,600,0.25439906120300293,0.24213667097385236
1783911591.2776413,3.9,27.60013198852539,1510.354694366455,2.6,0.5789175033569336,16.123046875,15.211073875427246,17.3408203125,80.0,74,37,47,86.737,visual_convnext_tiny_16frames_balanced20k,train,2,610,0.24352765083312988,0.2414844513256499
1783911612.5778234,4.0,27.499046325683594,1510.354694366455,2.6,0.5789175033569336,16.123046875,15.211073875427246,17.3408203125,80.0,25,12,46,73.706,visual_convnext_tiny_16frames_balanced20k,train,2,620,0.26035213470458984,0.24077649502122653
1783911642.7226617,3.8,27.556854248046875,1510.354694366455,2.6,0.5789175033569336,16.123046875,15.211073875427246,17.3408203125,80.0,4,2,45,73.296,visual_convnext_tiny_16frames_balanced20k,train,2,630,0.3427724838256836,0.23941118464983777
1783911677.5199366,4.1,27.548141479492188,1510.354694366455,2.6,0.5789175033569336,16.123046875,15.211073875427246,17.3408203125,80.0,82,43,46,73.422,visual_convnext_tiny_16frames_balanced20k,train,2,640,0.2925395965576172,0.2382643604752798
1783911696.7198281,3.9,27.453018188476562,1510.354694366455,2.5,0.5789175033569336,16.123046875,15.211073875427246,17.3408203125,80.0,0,0,45,73.051,visual_convnext_tiny_16frames_balanced20k,train,2,650,0.29832887649536133,0.23795182668759893
1783911719.3213153,4.0,27.514110565185547,1510.354694366455,2.6,0.5789175033569336,16.123046875,15.211073875427246,17.3408203125,80.0,0,0,46,73.401,visual_convnext_tiny_16frames_balanced20k,train,2,660,0.2964961528778076,0.23707184234969375
1783911754.0748901,3.9,27.458946228027344,1510.354694366455,2.6,0.5789175033569336,16.123046875,15.211073875427246,17.3408203125,80.0,0,0,45,72.962,visual_convnext_tiny_16frames_balanced20k,train,2,670,0.2561042308807373,0.23584106305805652
1783911785.578884,3.9,27.514789581298828,1510.354694366455,2.6,0.5789175033569336,16.123046875,15.211073875427246,17.3408203125,80.0,8,3,45,72.983,visual_convnext_tiny_16frames_balanced20k,train,2,680,0.2589750289916992,0.23495151865105973
1783911806.5773437,4.0,27.412857055664062,1510.354694366455,2.6,0.5789175033569336,16.123046875,15.211073875427246,17.3408203125,80.0,38,18,46,73.581,visual_convnext_tiny_16frames_balanced20k,train,2,690,0.2594428062438965,0.2346272815110542
1783911830.9199076,3.8,27.499359130859375,1510.354694366455,2.6,0.5789175033569336,16.123046875,15.211073875427246,17.3408203125,80.0,19,8,46,73.658,visual_convnext_tiny_16frames_balanced20k,train,2,700,0.2998924255371094,0.23377089666869602
1783911859.9204059,4.0,27.431198120117188,1510.354694366455,2.6,0.5789175033569336,16.123046875,15.211073875427246,17.3408203125,80.0,0,0,45,73.101,visual_convnext_tiny_16frames_balanced20k,train,2,710,0.257648229598999,0.23344711936308193
1783911891.6748066,3.9,27.261180877685547,1510.354694366455,2.6,0.5789175033569336,16.123046875,15.211073875427246,17.3408203125,80.0,42,20,46,73.373,visual_convnext_tiny_16frames_balanced20k,train,2,720,0.25502824783325195,0.23363322931007274
1783911910.820528,3.9,27.451236724853516,1510.354694366455,2.6,0.5789175033569336,16.123046875,15.211073875427246,17.3408203125,80.0,0,0,46,73.394,visual_convnext_tiny_16frames_balanced20k,train,2,730,0.24292540550231934,0.2334774887512875
1783911934.324738,3.9,27.521785736083984,1510.354694366455,2.6,0.5789175033569336,16.123046875,15.211073875427246,17.3408203125,80.0,0,0,46,73.678,visual_convnext_tiny_16frames_balanced20k,train,2,740,0.24709105491638184,0.23327600099297188
1783911970.9218516,3.9,27.329795837402344,1510.354694366455,2.6,0.5789175033569336,16.123046875,15.211073875427246,17.3408203125,80.0,0,0,45,73.011,visual_convnext_tiny_16frames_balanced20k,train,2,750,0.29535508155822754,0.23280131334709264
1783911996.2773979,3.9,27.14737319946289,1510.354694366455,2.5,0.5789175033569336,16.123046875,15.211073875427246,17.3408203125,80.0,30,15,46,74.498,visual_convnext_tiny_16frames_balanced20k,train,2,760,0.25505948066711426,0.23187940536402216
1783912017.520296,4.0,27.13957977294922,1510.354694366455,2.5,0.5789175033569336,16.123046875,15.211073875427246,17.3408203125,80.0,0,0,46,73.401,visual_convnext_tiny_16frames_balanced20k,train,2,770,0.24370837211608887,0.23110890020308328
1783912040.122116,3.9,27.29865264892578,1510.354694366455,2.6,0.5789175033569336,16.123046875,15.211073875427246,17.3408203125,80.0,93,50,47,73.901,visual_convnext_tiny_16frames_balanced20k,train,2,780,0.25804567337036133,0.23079225098506742
1783912078.0194192,3.9,27.454463958740234,1510.354694366455,2.6,0.5789175033569336,16.123046875,15.211073875427246,17.3408203125,80.0,47,23,46,73.303,visual_convnext_tiny_16frames_balanced20k,train,2,790,0.3508269786834717,0.23033211142879673
1783912102.6774976,3.9,27.528118133544922,1510.354694366455,2.6,0.5789175033569336,16.123046875,15.211073875427246,17.3408203125,80.0,16,7,46,73.199,visual_convnext_tiny_16frames_balanced20k,train,2,800,0.25425219535827637,0.2301163530528322
1783912125.0214798,4.0,27.47797393798828,1510.354694366455,2.6,0.5789175033569336,16.123046875,15.211073875427246,17.3408203125,80.0,0,0,46,73.303,visual_convnext_tiny_16frames_balanced20k,train,2,810,0.30012035369873047,0.22990671213619807
1783912147.2260222,4.0,27.471115112304688,1510.354694366455,2.6,0.5789175033569336,16.123046875,15.211073875427246,17.3408203125,80.0,0,0,46,73.275,visual_convnext_tiny_16frames_balanced20k,train,2,820,0.25777649879455566,0.22911332946057442
1783912180.0196424,3.8,27.551868438720703,1510.354694366455,2.6,0.5789175033569336,16.123046875,15.211073875427246,17.3408203125,80.0,0,0,45,73.108,visual_convnext_tiny_16frames_balanced20k,train,2,830,0.25858569145202637,0.22991400309776713
1783912215.380435,4.0,27.503482818603516,1510.354694366455,2.6,0.5789175033569336,16.123046875,15.211073875427246,17.3408203125,80.0,54,26,46,74.089,visual_convnext_tiny_16frames_balanced20k,train,2,840,0.25723695755004883,0.22922109356249698
1783912237.825482,3.9,27.404029846191406,1510.354694366455,2.6,0.5789175033569336,16.123046875,15.211073875427246,17.3408203125,80.0,0,0,45,73.275,visual_convnext_tiny_16frames_balanced20k,train,2,850,0.25528645515441895,0.22853664369196505
1783912259.2794871,4.0,27.55893325805664,1510.354694366455,2.6,0.5789175033569336,16.123046875,15.211073875427246,17.3408203125,80.0,49,24,46,73.471,visual_convnext_tiny_16frames_balanced20k,train,2,860,0.2995121479034424,0.22838381923622647
1783912281.19272,4.0,27.713165283203125,1510.354694366455,2.6,0.5789175033569336,16.123046875,15.211073875427246,17.3408203125,80.0,85,44,47,109.988,visual_convnext_tiny_16frames_balanced20k,train,2,870,0.24995017051696777,0.22802385038575404
1783912355.479075,3.9,27.570621490478516,1510.354694366455,2.6,0.5789179801940918,16.123046875,15.211073875427246,17.3408203125,80.0,24,10,45,289.649,visual_convnext_tiny_16frames_balanced20k,Validation epoch 2/3,2,0,0.10066938400268555,0.4497854709625244
1783912380.4894795,3.8,27.449504852294922,1510.354694366455,2.6,0.5789179801940918,16.123046875,15.211073875427246,17.3408203125,80.0,0,0,45,189.304,visual_convnext_tiny_16frames_balanced20k,Validation epoch 2/3,2,10,0.09469008445739746,0.236084060235457
1783912411.2802045,3.9,27.136226654052734,1510.354694366455,2.5,0.5789179801940918,16.123046875,15.211073875427246,17.3408203125,80.0,0,0,46,332.511,visual_convnext_tiny_16frames_balanced20k,Validation epoch 2/3,2,20,0.0913858413696289,0.2326791903802327
1783912434.579867,4.2,27.27557373046875,1510.354694366455,2.6,0.5789179801940918,16.123046875,15.211073875427246,17.3408203125,80.0,78,36,45,76.094,visual_convnext_tiny_16frames_balanced20k,Validation epoch 2/3,2,30,0.009798288345336914,0.22816339231306507
1783912462.7798414,3.9,27.222286224365234,1510.354694366455,2.5,0.5789179801940918,16.123046875,15.211073875427246,17.3408203125,80.0,0,0,43,71.781,visual_convnext_tiny_16frames_balanced20k,Validation epoch 2/3,2,40,0.009330272674560547,0.22939005603150622
1783912499.678928,3.9,27.290016174316406,1510.354694366455,2.6,0.5789179801940918,16.123046875,15.211073875427246,17.3408203125,80.0,0,0,42,71.703,visual_convnext_tiny_16frames_balanced20k,Validation epoch 2/3,2,50,0.0962686538696289,0.22202417122967102
1783912526.27888,4.0,27.434497833251953,1510.354694366455,2.6,0.5789179801940918,16.123046875,15.211073875427246,17.3408203125,80.0,2,1,42,72.315,visual_convnext_tiny_16frames_balanced20k,Validation epoch 2/3,2,60,0.007323741912841797,0.2213319436204238
1783912548.3787227,3.9,27.492176055908203,1510.354694366455,2.6,0.5789179801940918,16.123046875,15.211073875427246,17.3408203125,80.0,0,0,46,235.056,visual_convnext_tiny_16frames_balanced20k,Validation epoch 2/3,2,70,0.006852865219116211,0.22060797573395177
1783912579.181234,3.9,27.337940216064453,1510.354694366455,2.6,0.5789179801940918,16.123046875,15.211073875427246,17.3408203125,80.0,0,0,42,71.703,visual_convnext_tiny_16frames_balanced20k,Validation epoch 2/3,2,80,0.03678488731384277,0.22191792478164038
1783912618.180962,3.8,27.461822509765625,1510.354694366455,2.6,0.5789179801940918,16.123046875,15.211073875427246,17.3408203125,80.0,50,25,43,70.411,visual_convnext_tiny_16frames_balanced20k,Validation epoch 2/3,2,90,0.06411075592041016,0.21774496424656647
1783912642.2792177,3.8,27.36065673828125,1510.354694366455,2.6,0.5789179801940918,16.123046875,15.211073875427246,17.3408203125,80.0,77,35,44,72.983,visual_convnext_tiny_16frames_balanced20k,Validation epoch 2/3,2,100,0.06139802932739258,0.2211228143608216
1783912669.4794095,3.9,27.30980682373047,1510.354694366455,2.6,0.5789179801940918,16.123046875,15.211073875427246,17.3408203125,80.0,71,35,43,70.698,visual_convnext_tiny_16frames_balanced20k,Validation epoch 2/3,2,110,0.007001161575317383,0.22049099690205343
1783912698.3805745,3.9,27.438339233398438,1510.354694366455,2.6,0.5789179801940918,16.123046875,15.211073875427246,17.3408203125,80.0,23,9,43,185.211,visual_convnext_tiny_16frames_balanced20k,Validation epoch 2/3,2,120,0.09638166427612305,0.21903696637754597
1783912733.182397,3.7,27.391159057617188,1510.354694366455,2.6,0.5789179801940918,16.123046875,15.211073875427246,17.3408203125,80.0,48,19,44,328.652,visual_convnext_tiny_16frames_balanced20k,Validation epoch 2/3,2,130,0.06446528434753418,0.2161205001459777
1783912763.1799717,3.9,27.458831787109375,1510.354694366455,2.6,0.5789179801940918,16.123046875,15.211073875427246,17.3408203125,80.0,0,0,42,71.445,visual_convnext_tiny_16frames_balanced20k,Validation epoch 2/3,2,140,0.06554579734802246,0.213924322250887
1783912791.7834291,3.8,27.45020294189453,1510.354694366455,2.6,0.5789179801940918,16.123046875,15.211073875427246,17.3408203125,80.0,52,25,43,77.022,visual_convnext_tiny_16frames_balanced20k,Validation epoch 2/3,2,150,0.009532690048217773,0.21488516289272055
1783912816.9801195,4.0,27.50384521484375,1510.354694366455,2.6,0.5789179801940918,16.123046875,15.211073875427246,17.3408203125,80.0,80,35,46,301.056,visual_convnext_tiny_16frames_balanced20k,Validation epoch 2/3,2,160,0.006834506988525391,0.21523666691891155
1783912850.782856,3.8,27.60983657836914,1510.354694366455,2.6,0.5789179801940918,16.123046875,15.211073875427246,17.3408203125,80.0,38,18,42,69.924,visual_convnext_tiny_16frames_balanced20k,Validation epoch 2/3,2,170,0.010080337524414062,0.214216281970342
1783912873.3834267,3.9,27.389198303222656,1510.354694366455,2.6,0.5789179801940918,16.123046875,15.211073875427246,17.3408203125,80.0,0,0,42,71.703,visual_convnext_tiny_16frames_balanced20k,Validation epoch 2/3,2,180,0.06457877159118652,0.21124147706104246
1783912949.728535,3.9,27.533035278320312,1510.354694366455,2.6,0.5789175033569336,16.123046875,15.211073875427246,17.3408203125,80.0,0,0,42,71.327,visual_convnext_tiny_16frames_balanced20k,train,3,0,0.29654812812805176,0.16000673174858093
1783912971.3208008,3.9,27.49355697631836,1510.354694366455,2.6,0.5789175033569336,16.123046875,15.211073875427246,17.3408203125,80.0,62,31,43,72.67,visual_convnext_tiny_16frames_balanced20k,train,3,10,0.2593855857849121,0.21838388321074573
1783912997.3218179,4.0,27.51593780517578,1510.354694366455,2.6,0.5789175033569336,16.123046875,15.211073875427246,17.3408203125,80.0,1,1,43,72.073,visual_convnext_tiny_16frames_balanced20k,train,3,20,0.2531740665435791,0.18448294486318315
1783913020.321332,3.9,27.51229476928711,1510.354694366455,2.6,0.5789175033569336,16.123046875,15.211073875427246,17.3408203125,80.0,19,8,44,72.475,visual_convnext_tiny_16frames_balanced20k,train,3,30,0.25308799743652344,0.18694998251814995
1783913052.4300206,3.9,27.600879669189453,1510.354694366455,2.6,0.5789175033569336,16.123046875,15.211073875427246,17.3408203125,80.0,0,0,43,72.17,visual_convnext_tiny_16frames_balanced20k,train,3,40,0.24770879745483398,0.18990193943424924
1783913078.422869,4.0,27.482681274414062,1510.354694366455,2.6,0.5789175033569336,16.123046875,15.211073875427246,17.3408203125,80.0,0,0,44,72.413,visual_convnext_tiny_16frames_balanced20k,train,3,50,0.25568246841430664,0.20428315418608048
1783913103.1282036,3.8,27.49924087524414,1510.354694366455,2.6,0.5789175033569336,16.123046875,15.211073875427246,17.3408203125,80.0,76,39,45,80.108,visual_convnext_tiny_16frames_balanced20k,train,3,60,0.293257474899292,0.20066013797873355
1783913128.4294121,3.9,27.60124969482422,1510.354694366455,2.6,0.5789175033569336,16.123046875,15.211073875427246,17.3408203125,80.0,0,0,44,72.67,visual_convnext_tiny_16frames_balanced20k,train,3,70,0.24952292442321777,0.2096754951586186
1783913167.7298524,4.0,27.629314422607422,1510.354694366455,2.6,0.5789175033569336,16.123046875,15.211073875427246,17.3408203125,80.0,0,0,44,72.573,visual_convnext_tiny_16frames_balanced20k,train,3,80,0.2466588020324707,0.2104940563440323
1783913192.6306763,3.9,27.53366470336914,1510.354694366455,2.6,0.5789175033569336,16.123046875,15.211073875427246,17.3408203125,80.0,78,40,46,217.45,visual_convnext_tiny_16frames_balanced20k,train,3,90,0.24671697616577148,0.20442371659881467
1783913216.0234966,4.1,27.442420959472656,1510.354694366455,2.6,0.5789175033569336,16.123046875,15.211073875427246,17.3408203125,80.0,0,0,45,72.787,visual_convnext_tiny_16frames_balanced20k,train,3,100,0.26113414764404297,0.20356763641137887
1783913241.124935,3.9,27.583274841308594,1510.354694366455,2.6,0.5789175033569336,16.123046875,15.211073875427246,17.3408203125,80.0,43,21,46,197.246,visual_convnext_tiny_16frames_balanced20k,train,3,110,0.29120540618896484,0.2016941204935581
1783913278.131068,3.9,27.568645477294922,1510.354694366455,2.6,0.5789175033569336,16.123046875,15.211073875427246,17.3408203125,80.0,0,0,44,72.67,visual_convnext_tiny_16frames_balanced20k,train,3,120,0.24802112579345703,0.19829326701804625
1783913302.9224632,3.9,27.668590545654297,1510.354694366455,2.6,0.5789175033569336,16.123046875,15.211073875427246,17.3408203125,80.0,62,31,46,97.949,visual_convnext_tiny_16frames_balanced20k,train,3,130,0.2593240737915039,0.198619976412249
1783913326.4249358,3.9,27.558761596679688,1510.354694366455,2.6,0.5789175033569336,16.123046875,15.211073875427246,17.3408203125,80.0,0,0,45,72.983,visual_convnext_tiny_16frames_balanced20k,train,3,140,0.2994999885559082,0.1968928909470849
1783913349.3252432,3.9,27.508956909179688,1510.354694366455,2.6,0.5789175033569336,16.123046875,15.211073875427246,17.3408203125,80.0,87,44,47,152.896,visual_convnext_tiny_16frames_balanced20k,train,3,150,0.29877519607543945,0.19509886111447353
1783913391.8251874,3.9,27.50220489501953,1510.354694366455,2.6,0.5789175033569336,16.123046875,15.211073875427246,17.3408203125,80.0,64,33,46,75.389,visual_convnext_tiny_16frames_balanced20k,train,3,160,0.3007524013519287,0.19376430086652685
1783913414.0232193,3.9,27.654502868652344,1510.354694366455,2.6,0.5789175033569336,16.123046875,15.211073875427246,17.3408203125,80.0,78,40,47,217.137,visual_convnext_tiny_16frames_balanced20k,train,3,170,0.2555043697357178,0.19188856886841402
1783913436.6748168,4.0,27.64748764038086,1510.354694366455,2.6,0.5789175033569336,16.123046875,15.211073875427246,17.3408203125,80.0,0,0,45,73.108,visual_convnext_tiny_16frames_balanced20k,train,3,180,0.2450098991394043,0.1930447292426673
1783913460.5771368,3.8,27.593284606933594,1510.354694366455,2.6,0.5789175033569336,16.123046875,15.211073875427246,17.3408203125,80.0,0,0,46,73.471,visual_convnext_tiny_16frames_balanced20k,train,3,190,0.24805045127868652,0.19315204827885354
1783913500.8248067,4.0,27.328643798828125,1510.354694366455,2.6,0.5789175033569336,16.123046875,15.211073875427246,17.3408203125,80.0,85,43,46,98.897,visual_convnext_tiny_16frames_balanced20k,train,3,200,0.25605320930480957,0.19344846626271062
1783913521.3747904,3.9,27.468830108642578,1510.354694366455,2.6,0.5789175033569336,16.123046875,15.211073875427246,17.3408203125,80.0,74,35,47,250.093,visual_convnext_tiny_16frames_balanced20k,train,3,210,0.24555540084838867,0.19270176362793592
1783913543.9767256,3.9,27.568111419677734,1510.354694366455,2.6,0.5789175033569336,16.123046875,15.211073875427246,17.3408203125,80.0,0,0,46,73.303,visual_convnext_tiny_16frames_balanced20k,train,3,220,0.24537253379821777,0.19329699523308697
1783913564.5242486,3.9,27.59734344482422,1510.354694366455,2.6,0.5789175033569336,16.123046875,15.211073875427246,17.3408203125,80.0,70,35,47,73.97,visual_convnext_tiny_16frames_balanced20k,train,3,230,0.2601335048675537,0.1927718443400932
1783913601.3269582,3.9,27.50189971923828,1510.354694366455,2.6,0.5789175033569336,16.123046875,15.211073875427246,17.3408203125,80.0,68,34,46,73.471,visual_convnext_tiny_16frames_balanced20k,train,3,240,0.26023125648498535,0.19310022043489322
1783913623.3290377,4.0,27.48583984375,1510.354694366455,2.6,0.5789175033569336,16.123046875,15.211073875427246,17.3408203125,80.0,95,50,46,74.187,visual_convnext_tiny_16frames_balanced20k,train,3,250,0.25344324111938477,0.19338186577971714
1783913649.6252756,3.8,27.501060485839844,1510.354694366455,2.6,0.5789175033569336,16.123046875,15.211073875427246,17.3408203125,80.0,65,33,46,73.422,visual_convnext_tiny_16frames_balanced20k,train,3,260,0.259105920791626,0.19324352281075327
1783913671.3265512,3.9,27.533355712890625,1510.354694366455,2.6,0.5789175033569336,16.123046875,15.211073875427246,17.3408203125,80.0,46,22,46,73.755,visual_convnext_tiny_16frames_balanced20k,train,3,270,0.2602202892303467,0.19305768213148927
1783913707.8278885,3.9,27.624404907226562,1510.354694366455,2.6,0.5789175033569336,16.123046875,15.211073875427246,17.3408203125,80.0,0,0,45,72.913,visual_convnext_tiny_16frames_balanced20k,train,3,280,0.2588191032409668,0.19363596878972342
1783913734.125421,3.9,27.684715270996094,1510.354694366455,2.6,0.5789175033569336,16.123046875,15.211073875427246,17.3408203125,80.0,0,0,45,73.276,visual_convnext_tiny_16frames_balanced20k,train,3,290,0.25658750534057617,0.19468298341912502
1783913755.3278432,3.9,27.725276947021484,1510.354694366455,2.6,0.5789175033569336,16.123046875,15.211073875427246,17.3408203125,80.0,0,0,46,73.301,visual_convnext_tiny_16frames_balanced20k,train,3,300,0.2602834701538086,0.19479099138828607
1783913776.6253593,3.9,27.693504333496094,1510.354694366455,2.6,0.5789175033569336,16.123046875,15.211073875427246,17.3408203125,80.0,0,0,46,73.666,visual_convnext_tiny_16frames_balanced20k,train,3,310,0.25953221321105957,0.19312582756737037
1783913815.2784064,3.9,27.52019500732422,1510.354694366455,2.6,0.5789175033569336,16.123046875,15.211073875427246,17.3408203125,80.0,99,52,46,111.532,visual_convnext_tiny_16frames_balanced20k,train,3,320,0.24962902069091797,0.19358894686182712
1783913841.4254112,3.8,27.74640655517578,1510.354694366455,2.6,0.5789175033569336,16.123046875,15.211073875427246,17.3408203125,80.0,0,0,45,73.004,visual_convnext_tiny_16frames_balanced20k,train,3,330,0.2580556869506836,0.19388985476284948
1783913862.6268473,3.9,27.62151336669922,1510.354694366455,2.6,0.5789175033569336,16.123046875,15.211073875427246,17.3408203125,80.0,96,49,47,185.844,visual_convnext_tiny_16frames_balanced20k,train,3,340,0.2599189281463623,0.1944509090915803
1783913885.628919,3.9,27.398353576660156,1510.354694366455,2.6,0.5789175033569336,16.123046875,15.211073875427246,17.3408203125,80.0,59,30,46,73.444,visual_convnext_tiny_16frames_balanced20k,train,3,350,0.2905857563018799,0.19216594140329252
1783913923.4201584,4.0,27.47335433959961,1510.354694366455,2.6,0.5789175033569336,16.123046875,15.211073875427246,17.3408203125,80.0,82,42,46,73.63,visual_convnext_tiny_16frames_balanced20k,train,3,360,0.2489314079284668,0.19201772342180612
1783913946.3776374,3.9,27.556671142578125,1510.354694366455,2.6,0.5789175033569336,16.123046875,15.211073875427246,17.3408203125,80.0,65,31,47,87.445,visual_convnext_tiny_16frames_balanced20k,train,3,370,0.2452392578125,0.1926513696817375
1783913968.7275693,3.9,27.628761291503906,1510.354694366455,2.6,0.5789175033569336,16.123046875,15.211073875427246,17.3408203125,80.0,49,24,47,87.217,visual_convnext_tiny_16frames_balanced20k,train,3,380,0.255481481552124,0.1925983966335537
1783913996.027846,4.0,27.55385971069336,1510.354694366455,2.6,0.5789175033569336,16.123046875,15.211073875427246,17.3408203125,80.0,0,0,45,73.158,visual_convnext_tiny_16frames_balanced20k,train,3,390,0.2592153549194336,0.19213730961922795
1783914032.019619,3.8,27.524524688720703,1510.354694366455,2.6,0.5789175033569336,16.123046875,15.211073875427246,17.3408203125,80.0,0,0,45,72.962,visual_convnext_tiny_16frames_balanced20k,train,3,400,0.24671292304992676,0.1920398073526392
1783914054.8279376,4.1,27.462692260742188,1510.354694366455,2.6,0.5789175033569336,16.123046875,15.211073875427246,17.3408203125,80.0,61,31,46,76.024,visual_convnext_tiny_16frames_balanced20k,train,3,410,0.254366397857666,0.19198572994583715
1783914076.926956,4.1,27.38925552368164,1510.354694366455,2.6,0.5789175033569336,16.123046875,15.211073875427246,17.3408203125,80.0,0,0,46,73.352,visual_convnext_tiny_16frames_balanced20k,train,3,420,0.2570466995239258,0.19259711303648644
1783914104.429724,3.9,27.43779754638672,1510.354694366455,2.6,0.5789175033569336,16.123046875,15.211073875427246,17.3408203125,80.0,0,0,45,73.158,visual_convnext_tiny_16frames_balanced20k,train,3,430,0.30071234703063965,0.19180875803990044
1783914140.027204,3.9,27.585906982421875,1510.354694366455,2.6,0.5789175033569336,16.123046875,15.211073875427246,17.3408203125,80.0,1,1,46,73.45,visual_convnext_tiny_16frames_balanced20k,train,3,440,0.25988006591796875,0.19252355869800325
1783914165.5190966,3.9,27.380531311035156,1510.354694366455,2.6,0.5789175033569336,16.123046875,15.211073875427246,17.3408203125,80.0,52,25,46,73.401,visual_convnext_tiny_16frames_balanced20k,train,3,450,0.2458782196044922,0.19310227556860368
1783914188.4273226,3.9,27.575664520263672,1510.354694366455,2.6,0.5789175033569336,16.123046875,15.211073875427246,17.3408203125,80.0,40,19,46,73.643,visual_convnext_tiny_16frames_balanced20k,train,3,460,0.2591819763183594,0.1947501140632495
1783914211.9771626,3.9,27.522541046142578,1510.354694366455,2.6,0.5789175033569336,16.123046875,15.211073875427246,17.3408203125,80.0,0,0,46,73.352,visual_convnext_tiny_16frames_balanced20k,train,3,470,0.25315189361572266,0.19552350333731644
1783914254.22918,3.9,27.453388214111328,1510.354694366455,2.6,0.5789175033569336,16.123046875,15.211073875427246,17.3408203125,80.0,93,45,46,74.291,visual_convnext_tiny_16frames_balanced20k,train,3,480,0.25461435317993164,0.19492410571002663
1783914277.028871,4.0,27.437164306640625,1510.354694366455,2.6,0.5789175033569336,16.123046875,15.211073875427246,17.3408203125,80.0,0,0,46,73.255,visual_convnext_tiny_16frames_balanced20k,train,3,490,0.2596762180328369,0.19548935502342682
1783914299.2279074,3.8,27.477664947509766,1510.354694366455,2.6,0.5789175033569336,16.123046875,15.211073875427246,17.3408203125,80.0,0,0,46,73.255,visual_convnext_tiny_16frames_balanced20k,train,3,500,0.25940775871276855,0.19477981183224333
1783914323.8288262,3.9,27.474018096923828,1510.354694366455,2.6,0.5789175033569336,16.123046875,15.211073875427246,17.3408203125,80.0,32,15,47,73.998,visual_convnext_tiny_16frames_balanced20k,train,3,510,0.26021480560302734,0.19401453861168452
1783914370.9770484,3.9,27.397903442382812,1510.354694366455,2.6,0.5789175033569336,16.123046875,15.211073875427246,17.3408203125,80.0,0,0,45,73.274,visual_convnext_tiny_16frames_balanced20k,train,3,520,0.24246978759765625,0.1926384625845587
1783914393.8293617,3.9,27.46466827392578,1510.354694366455,2.6,0.5789175033569336,16.123046875,15.211073875427246,17.3408203125,80.0,22,10,46,73.596,visual_convnext_tiny_16frames_balanced20k,train,3,530,0.2554316520690918,0.19208189508335738
1783914413.8288493,4.0,27.526592254638672,1510.354694366455,2.6,0.5789175033569336,16.123046875,15.211073875427246,17.3408203125,80.0,0,0,46,73.45,visual_convnext_tiny_16frames_balanced20k,train,3,540,0.2601509094238281,0.19285413096770782
1783914435.2792084,3.9,27.492637634277344,1510.354694366455,2.6,0.5789175033569336,16.123046875,15.211073875427246,17.3408203125,80.0,77,39,47,78.603,visual_convnext_tiny_16frames_balanced20k,train,3,550,0.24396300315856934,0.19230223225324858
1783914475.3186848,3.9,27.416275024414062,1510.354694366455,2.6,0.5789175033569336,16.123046875,15.211073875427246,17.3408203125,80.0,99,52,46,73.596,visual_convnext_tiny_16frames_balanced20k,train,3,560,0.24628639221191406,0.19115789265184266
1783914497.2289324,3.9,27.566688537597656,1510.354694366455,2.6,0.5789175033569336,16.123046875,15.211073875427246,17.3408203125,80.0,7,3,46,73.392,visual_convnext_tiny_16frames_balanced20k,train,3,570,0.25487852096557617,0.191295803102115
1783914518.078783,3.9,27.458782196044922,1510.354694366455,2.6,0.5789175033569336,16.123046875,15.211073875427246,17.3408203125,80.0,49,24,47,74.686,visual_convnext_tiny_16frames_balanced20k,train,3,580,0.253964900970459,0.1917861744299813
1783914542.5308518,3.9,27.398597717285156,1510.354694366455,2.6,0.5789175033569336,16.123046875,15.211073875427246,17.3408203125,80.0,91,45,47,75.536,visual_convnext_tiny_16frames_balanced20k,train,3,590,0.2555074691772461,0.1913648723749138
1783914582.3752556,3.9,27.33185577392578,1510.354694366455,2.6,0.5789175033569336,16.123046875,15.211073875427246,17.3408203125,80.0,0,0,45,72.906,visual_convnext_tiny_16frames_balanced20k,train,3,600,0.2493593692779541,0.1915482704011652
1783914604.8784037,3.9,27.45779800415039,1510.354694366455,2.6,0.5789175033569336,16.123046875,15.211073875427246,17.3408203125,80.0,0,0,46,73.178,visual_convnext_tiny_16frames_balanced20k,train,3,610,0.25960278511047363,0.19160736803386097
1783914626.730905,3.9,27.55316162109375,1510.354694366455,2.6,0.5789175033569336,16.123046875,15.211073875427246,17.3408203125,80.0,0,0,46,73.602,visual_convnext_tiny_16frames_balanced20k,train,3,620,0.2588624954223633,0.19242218632293015
1783914650.5753152,3.9,27.727005004882812,1510.354694366455,2.6,0.5789175033569336,16.123046875,15.211073875427246,17.3408203125,80.0,88,48,47,122.167,visual_convnext_tiny_16frames_balanced20k,train,3,630,0.24888086318969727,0.19252720294540923
1783914693.4309998,3.9,27.568321228027344,1510.354694366455,2.6,0.5789175033569336,16.123046875,15.211073875427246,17.3408203125,80.0,0,0,45,73.011,visual_convnext_tiny_16frames_balanced20k,train,3,640,0.2592344284057617,0.19203142874093956
1783914714.4778645,4.0,27.548355102539062,1510.354694366455,2.6,0.5789175033569336,16.123046875,15.211073875427246,17.3408203125,80.0,60,30,47,73.678,visual_convnext_tiny_16frames_balanced20k,train,3,650,0.2553884983062744,0.19380325730174733
1783914738.1314733,3.9,27.46649169921875,1510.354694366455,2.6,0.5789175033569336,16.123046875,15.211073875427246,17.3408203125,80.0,73,38,47,75.801,visual_convnext_tiny_16frames_balanced20k,train,3,660,0.25971198081970215,0.19390410494831434
1783914758.479734,3.9,27.469043731689453,1510.354694366455,2.6,0.5789175033569336,16.123046875,15.211073875427246,17.3408203125,80.0,0,0,46,74.194,visual_convnext_tiny_16frames_balanced20k,train,3,670,0.24335074424743652,0.1941899011014293
1783914799.3748174,3.9,27.381412506103516,1510.354694366455,2.6,0.5789175033569336,16.123046875,15.211073875427246,17.3408203125,80.0,68,34,46,95.456,visual_convnext_tiny_16frames_balanced20k,train,3,680,0.25134778022766113,0.19404086343692437
1783914824.1783977,3.9,27.278541564941406,1510.354694366455,2.6,0.5789175033569336,16.123046875,15.211073875427246,17.3408203125,80.0,0,0,46,73.324,visual_convnext_tiny_16frames_balanced20k,train,3,690,0.2479691505432129,0.1928397786039347
1783914849.3748221,4.0,27.423553466796875,1510.354694366455,2.6,0.5789175033569336,16.123046875,15.211073875427246,17.3408203125,80.0,9,3,46,73.581,visual_convnext_tiny_16frames_balanced20k,train,3,700,0.26015329360961914,0.19249494486460503
1783914871.874815,3.8,27.37722396850586,1510.354694366455,2.6,0.5789175033569336,16.123046875,15.211073875427246,17.3408203125,80.0,1,1,46,73.568,visual_convnext_tiny_16frames_balanced20k,train,3,710,0.25835204124450684,0.19259373703251073
1783914913.42581,3.9,27.578758239746094,1510.354694366455,2.6,0.5789175033569336,16.123046875,15.211073875427246,17.3408203125,80.0,50,24,46,73.197,visual_convnext_tiny_16frames_balanced20k,train,3,720,0.24788856506347656,0.19290183844166225
1783914933.4790416,4.0,27.573623657226562,1510.354694366455,2.6,0.5789175033569336,16.123046875,15.211073875427246,17.3408203125,80.0,10,3,46,73.275,visual_convnext_tiny_16frames_balanced20k,train,3,730,0.25998830795288086,0.19340307013769972
1783914956.4812567,4.1,27.525997161865234,1510.354694366455,2.6,0.5789175033569336,16.123046875,15.211073875427246,17.3408203125,80.0,50,25,47,78.352,visual_convnext_tiny_16frames_balanced20k,train,3,740,0.30101752281188965,0.19364033658535051
1783914977.6210098,3.9,27.531597137451172,1510.354694366455,2.6,0.5789175033569336,16.123046875,15.211073875427246,17.3408203125,80.0,27,12,47,73.991,visual_convnext_tiny_16frames_balanced20k,train,3,750,0.2597768306732178,0.1928577716852949
1783915016.7203858,4.0,27.426803588867188,1510.354694366455,2.6,0.5789175033569336,16.123046875,15.211073875427246,17.3408203125,80.0,68,34,46,73.401,visual_convnext_tiny_16frames_balanced20k,train,3,760,0.25466322898864746,0.1939448540474676
1783915038.175665,3.8,27.556095123291016,1510.354694366455,2.6,0.5789175033569336,16.123046875,15.211073875427246,17.3408203125,80.0,49,24,46,73.499,visual_convnext_tiny_16frames_balanced20k,train,3,770,0.25994181632995605,0.1937312609316774
1783915060.623297,3.9,27.454792022705078,1510.354694366455,2.6,0.5789175033569336,16.123046875,15.211073875427246,17.3408203125,80.0,79,41,47,73.999,visual_convnext_tiny_16frames_balanced20k,train,3,780,0.2596254348754883,0.19359270351606203
1783915080.078222,3.9,27.53256607055664,1510.354694366455,2.6,0.5789175033569336,16.123046875,15.211073875427246,17.3408203125,80.0,0,0,47,73.727,visual_convnext_tiny_16frames_balanced20k,train,3,790,0.2990555763244629,0.19413267335043244
1783915127.3776908,4.0,27.639873504638672,1510.354694366455,2.6,0.5789175033569336,16.123046875,15.211073875427246,17.3408203125,80.0,0,0,45,72.962,visual_convnext_tiny_16frames_balanced20k,train,3,800,0.2982325553894043,0.19443824310576574
1783915147.7780266,3.9,27.396076202392578,1510.354694366455,2.6,0.5789175033569336,16.123046875,15.211073875427246,17.3408203125,80.0,14,6,46,73.422,visual_convnext_tiny_16frames_balanced20k,train,3,810,0.24148154258728027,0.19445373093119092
1783915169.7771895,3.9,27.469066619873047,1510.354694366455,2.6,0.5789175033569336,16.123046875,15.211073875427246,17.3408203125,80.0,60,30,47,74.41,visual_convnext_tiny_16frames_balanced20k,train,3,820,0.26014065742492676,0.19426845996011044
1783915191.282489,3.9,27.55734634399414,1510.354694366455,2.6,0.5789175033569336,16.123046875,15.211073875427246,17.3408203125,80.0,0,0,46,73.471,visual_convnext_tiny_16frames_balanced20k,train,3,830,0.2557792663574219,0.19412573501378047
1783915230.2764194,3.9,27.390880584716797,1510.354694366455,2.6,0.5789175033569336,16.123046875,15.211073875427246,17.3408203125,80.0,37,17,46,83.181,visual_convnext_tiny_16frames_balanced20k,train,3,840,0.25990724563598633,0.19428323743495024
1783915253.3257606,4.0,27.521778106689453,1510.354694366455,2.6,0.5789175033569336,16.123046875,15.211073875427246,17.3408203125,80.0,90,49,47,73.922,visual_convnext_tiny_16frames_balanced20k,train,3,850,0.24303054809570312,0.19444414243960073
1783915276.7247734,3.9,26.341171264648438,1510.354694366455,2.5,0.5789175033569336,16.123046875,15.211073875427246,17.3408203125,80.0,76,37,47,77.367,visual_convnext_tiny_16frames_balanced20k,train,3,860,0.2423994541168213,0.19418125789132268
1783915297.990819,3.8,26.358604431152344,1510.354694366455,2.5,0.5789175033569336,16.123046875,15.211073875427246,17.3408203125,80.0,87,42,48,240.184,visual_convnext_tiny_16frames_balanced20k,train,3,870,0.21932315826416016,0.19462698607370857
1783915371.6281228,3.8,25.882980346679688,1510.354694366455,2.5,0.5789179801940918,16.123046875,15.211073875427246,17.3408203125,80.0,0,0,45,90.7,visual_convnext_tiny_16frames_balanced20k,Validation epoch 3/3,3,0,0.09640049934387207,0.574348509311676
1783915396.322766,3.9,26.06787872314453,1510.354694366455,2.5,0.5789179801940918,16.123046875,15.211073875427246,17.3408203125,80.0,6,0,45,332.666,visual_convnext_tiny_16frames_balanced20k,Validation epoch 3/3,3,10,0.04812312126159668,0.28457724235274573
1783915422.7234159,3.8,26.081466674804688,1510.354694366455,2.5,0.5789179801940918,16.123046875,15.211073875427246,17.3408203125,80.0,38,18,44,71.945,visual_convnext_tiny_16frames_balanced20k,Validation epoch 3/3,3,20,0.01040339469909668,0.2650046937522434
1783915446.82228,3.9,25.745838165283203,1510.354694366455,2.4,0.5789179801940918,16.123046875,15.211073875427246,17.3408203125,80.0,24,14,44,72.308,visual_convnext_tiny_16frames_balanced20k,Validation epoch 3/3,3,30,0.010075569152832031,0.2426231647691419
1783915474.4782777,3.8,26.128681182861328,1510.354694366455,2.5,0.5789179801940918,16.123046875,15.211073875427246,17.3408203125,80.0,38,18,43,70.456,visual_convnext_tiny_16frames_balanced20k,Validation epoch 3/3,3,40,0.04675030708312988,0.24129711745715723
1783915509.7242424,3.9,26.358200073242188,1510.354694366455,2.5,0.5789179801940918,16.123046875,15.211073875427246,17.3408203125,80.0,0,0,43,72.496,visual_convnext_tiny_16frames_balanced20k,Validation epoch 3/3,3,50,0.09176874160766602,0.23301787747471941
1783915531.7788966,3.9,26.25098419189453,1510.354694366455,2.5,0.5789179801940918,16.123046875,15.211073875427246,17.3408203125,80.0,0,0,43,72.023,visual_convnext_tiny_16frames_balanced20k,Validation epoch 3/3,3,60,0.04669046401977539,0.2276731262930104
1783915561.8250964,3.9,26.293041229248047,1510.354694366455,2.5,0.5789179801940918,16.123046875,15.211073875427246,17.3408203125,80.0,0,0,43,71.996,visual_convnext_tiny_16frames_balanced20k,Validation epoch 3/3,3,70,0.00946187973022461,0.2262811336508939
1783915593.6193252,3.8,26.07866668701172,1510.354694366455,2.5,0.5789179801940918,16.123046875,15.211073875427246,17.3408203125,80.0,0,0,44,215.289,visual_convnext_tiny_16frames_balanced20k,Validation epoch 3/3,3,80,0.05029034614562988,0.22856442547506756
1783915625.523663,3.9,26.253108978271484,1510.354694366455,2.5,0.5789179801940918,16.123046875,15.211073875427246,17.3408203125,80.0,17,6,43,75.876,visual_convnext_tiny_16frames_balanced20k,Validation epoch 3/3,3,90,0.050412893295288086,0.22683912769451245
1783915649.5186646,3.8,26.262413024902344,1510.354694366455,2.5,0.5789179801940918,16.123046875,15.211073875427246,17.3408203125,80.0,42,18,44,97.521,visual_convnext_tiny_16frames_balanced20k,Validation epoch 3/3,3,100,0.04501914978027344,0.22895625049229895
1783915683.6235318,3.9,26.236522674560547,1510.354694366455,2.5,0.5789179801940918,16.123046875,15.211073875427246,17.3408203125,80.0,0,0,42,71.606,visual_convnext_tiny_16frames_balanced20k,Validation epoch 3/3,3,110,0.009996891021728516,0.22507122118730802
1783915709.426823,3.8,26.168991088867188,1510.354694366455,2.5,0.5789179801940918,16.123046875,15.211073875427246,17.3408203125,80.0,0,0,42,71.522,visual_convnext_tiny_16frames_balanced20k,Validation epoch 3/3,3,120,0.011059284210205078,0.22193803613589816
1783915738.626733,4.0,26.215091705322266,1510.354694366455,2.5,0.5789179801940918,16.123046875,15.211073875427246,17.3408203125,80.0,29,16,42,72.114,visual_convnext_tiny_16frames_balanced20k,Validation epoch 3/3,3,130,0.05448102951049805,0.21743143850382957
1783915765.0298524,3.8,26.132488250732422,1510.354694366455,2.5,0.5789179801940918,16.123046875,15.211073875427246,17.3408203125,80.0,0,0,42,71.508,visual_convnext_tiny_16frames_balanced20k,Validation epoch 3/3,3,140,0.09414005279541016,0.21470583446905123
1783915799.0216076,3.9,26.14205551147461,1510.354694366455,2.5,0.5789179801940918,16.123046875,15.211073875427246,17.3408203125,80.0,52,22,43,73.706,visual_convnext_tiny_16frames_balanced20k,Validation epoch 3/3,3,150,0.05173444747924805,0.21546619859160177
1783915824.3243566,3.8,26.266857147216797,1510.354694366455,2.5,0.5789179801940918,16.123046875,15.211073875427246,17.3408203125,80.0,78,36,43,70.698,visual_convnext_tiny_16frames_balanced20k,Validation epoch 3/3,3,160,0.007190704345703125,0.21604487327685268
1783915854.1278641,4.0,26.204856872558594,1510.354694366455,2.5,0.5789179801940918,16.123046875,15.211073875427246,17.3408203125,80.0,9,1,43,69.533,visual_convnext_tiny_16frames_balanced20k,Validation epoch 3/3,3,170,0.056223154067993164,0.214413610292457
1783915876.2241237,4.0,26.311668395996094,1510.354694366455,2.5,0.5789179801940918,16.123046875,15.211073875427246,17.3408203125,80.0,63,28,45,318.496,visual_convnext_tiny_16frames_balanced20k,Validation epoch 3/3,3,180,0.006717205047607422,0.21374620184384657
1783950319.4823442,1.8,30.335895538330078,1510.354694366455,2.8,0.891181468963623,16.1484375,15.211073875427246,17.3662109375,80.0,0,0,42,291.523,visual_convnext_tiny_16frames_balanced20k,Test,test,0,0.042891740798950195,0.2284250259399414
1783950342.2779086,4.0,30.174068450927734,1510.354694366455,2.8,0.891181468963623,16.1484375,15.211073875427246,17.3662109375,80.0,60,30,41,167.466,visual_convnext_tiny_16frames_balanced20k,Test,test,10,0.006578683853149414,0.18987830999222668
1783950365.6192982,4.1,30.15725326538086,1510.354694366455,2.7,0.891181468963623,16.1484375,15.211073875427246,17.3662109375,80.0,0,0,42,128.581,visual_convnext_tiny_16frames_balanced20k,Test,test,20,0.04266023635864258,0.19196825119711103
1783950387.579728,3.9,30.269710540771484,1510.354694366455,2.8,0.891181468963623,16.1484375,15.211073875427246,17.3662109375,80.0,76,35,44,299.337,visual_convnext_tiny_16frames_balanced20k,Test,test,30,0.006814002990722656,0.20003555258435587
1783950433.1238143,4.0,30.28170394897461,1510.354694366455,2.8,0.891181468963623,16.1484375,15.211073875427246,17.3662109375,80.0,0,0,41,71.023,visual_convnext_tiny_16frames_balanced20k,Test,test,40,0.05724763870239258,0.20294032009636484
1783950454.7789292,4.1,30.1319580078125,1510.354694366455,2.7,0.891181468963623,16.1484375,15.211073875427246,17.3662109375,80.0,0,0,41,71.106,visual_convnext_tiny_16frames_balanced20k,Test,test,50,0.03889203071594238,0.20156685934931623
1783950472.2805624,4.1,30.265953063964844,1510.354694366455,2.8,0.891181468963623,16.1484375,15.211073875427246,17.3662109375,80.0,0,0,41,71.301,visual_convnext_tiny_16frames_balanced20k,Test,test,60,0.0455477237701416,0.2054324090236523
1783950501.2787483,4.1,30.415149688720703,1510.354694366455,2.8,0.891181468963623,16.1484375,15.211073875427246,17.3662109375,80.0,0,0,41,71.874,visual_convnext_tiny_16frames_balanced20k,Test,test,70,0.006875038146972656,0.19512884035496644
1783950544.181578,4.0,30.4273681640625,1510.354694366455,2.8,0.891181468963623,16.1484375,15.211073875427246,17.3662109375,80.0,0,0,41,71.017,visual_convnext_tiny_16frames_balanced20k,Test,test,80,0.04329037666320801,0.19124231450719598
1783950568.1233091,4.0,30.311573028564453,1510.354694366455,2.8,0.891181468963623,16.1484375,15.211073875427246,17.3662109375,80.0,74,35,42,314.385,visual_convnext_tiny_16frames_balanced20k,Test,test,90,0.006975889205932617,0.1933068715772786
1783950590.5236032,4.1,30.27255630493164,1510.354694366455,2.8,0.891181468963623,16.1484375,15.211073875427246,17.3662109375,80.0,71,35,43,87.381,visual_convnext_tiny_16frames_balanced20k,Test,test,100,0.0070858001708984375,0.1950471959639304
1783950614.979742,4.0,30.22223663330078,1510.354694366455,2.7,0.891181468963623,16.1484375,15.211073875427246,17.3662109375,80.0,76,35,44,172.132,visual_convnext_tiny_16frames_balanced20k,Test,test,110,0.006839275360107422,0.19723349037739607
1783950656.8799267,4.1,30.315505981445312,1510.354694366455,2.8,0.891181468963623,16.1484375,15.211073875427246,17.3662109375,80.0,38,18,42,70.703,visual_convnext_tiny_16frames_balanced20k,Test,test,120,0.045327186584472656,0.19645237214555425
1783950677.6804059,4.0,30.36074447631836,1510.354694366455,2.8,0.891181468963623,16.1484375,15.211073875427246,17.3662109375,80.0,81,38,43,320.229,visual_convnext_tiny_16frames_balanced20k,Test,test,130,0.0449068546295166,0.2012979952433637
1783950699.7798617,4.1,30.401634216308594,1510.354694366455,2.8,0.891181468963623,16.1484375,15.211073875427246,17.3662109375,80.0,76,35,45,112.372,visual_convnext_tiny_16frames_balanced20k,Test,test,140,0.044112205505371094,0.19993640957994663
1783950729.7798364,4.1,30.23758316040039,1510.354694366455,2.7,0.891181468963623,16.1484375,15.211073875427246,17.3662109375,80.0,11,6,42,71.965,visual_convnext_tiny_16frames_balanced20k,Test,test,150,0.00688934326171875,0.19816591082424517
1783950766.4802988,4.1,30.224117279052734,1510.354694366455,2.8,0.891181468963623,16.1484375,15.211073875427246,17.3662109375,80.0,0,0,43,330.574,visual_convnext_tiny_16frames_balanced20k,Test,test,160,0.037842512130737305,0.1974642300365134
1783950790.7186625,4.0,30.24105453491211,1510.354694366455,2.8,0.891181468963623,16.1484375,15.211073875427246,17.3662109375,80.0,76,35,43,75.555,visual_convnext_tiny_16frames_balanced20k,Test,test,170,0.009418964385986328,0.19856207233946227
1783950809.7806342,4.0,30.435195922851562,1510.354694366455,2.8,0.891181468963623,16.1484375,15.211073875427246,17.3662109375,80.0,78,35,45,255.945,visual_convnext_tiny_16frames_balanced20k,Test,test,180,0.0068492889404296875,0.20026582664712358
